wardsplaced,wpm,wardskilled,wcpm,controlwardsbought,visionscore,vspm,assistsat15,assists
67,1.8466,28,0.7717,20,112,3.0868,0,7
75,2.0671,13,0.3583,26,93,2.5632,0,5
48,1.6,9,0.3,22,65,2.1667,3,5
51,1.7,21,0.7,20,96,3.2,2,10
48,1.5576,18,0.5841,16,93,3.0178,1,7
58,1.8821,17,0.5516,23,94,3.0503,0,0
49,1.6452,27,0.9065,19,113,3.7941,2,11
51,1.7124,9,0.3022,19,66,2.216,1,7
47,1.5658,11,0.3665,19,68,2.2654,5,14
46,1.5325,6,0.1999,17,69,2.2987,3,10
59,1.8257,8,0.2476,19,84,2.5993,2,7
52,1.6091,16,0.4951,20,95,2.9397,0,2
36,1.3628,8,0.3028,13,63,2.3849,5,18
47,1.7792,4,0.1514,15,59,2.2334,3,5
59,1.926,7,0.2285,19,82,2.6768,0,10
52,1.6975,9,0.2938,18,82,2.6768,2,5
71,1.9704,17,0.4718,18,110,3.0527,0,11
69,1.9149,21,0.5828,27,120,3.3302,0,1
45,1.5025,15,0.5008,12,89,2.9716,4,18
68,2.2705,17,0.5676,11,103,3.4391,0,2
73,1.8694,13,0.3329,20,110,2.8169,2,6
56,1.4341,26,0.6658,17,125,3.201,0,2
54,1.7657,21,0.6866,17,87,2.8447,0,3
61,1.9946,11,0.3597,20,79,2.5831,0,4
39,1.4063,10,0.3606,11,62,2.2356,4,13
45,1.6226,12,0.4327,16,73,2.6322,2,5
57,1.8124,11,0.3498,19,85,2.7027,0,0
49,1.558,7,0.2226,15,68,2.1622,0,11
61,1.8282,12,0.3596,25,86,2.5774,0,2
60,1.7982,18,0.5395,22,111,3.3267,3,12
94,2.2899,20,0.4872,26,138,3.3618,0,11
77,1.8758,21,0.5116,31,118,2.8745,4,11
72,2.087,15,0.4348,26,105,3.0435,0,3
68,1.971,16,0.4638,22,105,3.0435,1,10
50,1.6216,11,0.3568,15,84,2.7243,0,13
52,1.6865,7,0.227,17,78,2.5297,2,5
38,1.3743,14,0.5063,13,87,3.1465,1,8
39,1.4105,11,0.3978,9,65,2.3508,0,4
29,1.0357,6,0.2143,6,47,1.6786,4,13
39,1.3929,13,0.4643,16,69,2.4643,1,2
54,1.6331,20,0.6048,23,97,2.9335,5,17
58,1.754,16,0.4839,19,73,2.2077,2,3
49,1.7448,6,0.2136,18,68,2.4214,1,3
41,1.4599,14,0.4985,13,77,2.7418,1,13
38,1.3103,14,0.4828,12,82,2.8276,0,6
59,2.0345,10,0.3448,19,83,2.8621,0,1
59,1.889,11,0.3522,20,93,2.9776,2,12
54,1.7289,14,0.4482,21,85,2.7215,2,10
67,1.6612,16,0.3967,23,88,2.1818,0,9
61,1.5124,19,0.4711,20,109,2.7025,2,15
61,1.7819,18,0.5258,20,102,2.9796,1,2
62,1.8111,15,0.4382,25,101,2.9503,2,3
36,1.39,7,0.2703,15,65,2.5097,0,0
43,1.6602,11,0.4247,17,74,2.8571,3,14
81,2.5445,21,0.6597,15,119,3.7382,1,4
53,1.6649,19,0.5969,15,85,2.6702,1,7
50,1.4925,10,0.2985,15,87,2.597,1,4
61,1.8209,9,0.2687,12,93,2.7761,0,15
83,1.9243,14,0.3246,22,121,2.8053,0,15
132,3.0603,18,0.4173,27,182,4.2195,2,8
64,1.7105,20,0.5345,17,94,2.5122,1,11
73,1.951,10,0.2673,26,98,2.6192,0,4
38,1.3852,19,0.6926,13,78,2.8433,0,10
38,1.3852,12,0.4374,14,67,2.4423,0,1
59,1.737,16,0.4711,21,72,2.1197,1,4
60,1.7664,13,0.3827,21,91,2.6791,3,12
76,2.0879,21,0.5769,27,100,2.7473,0,4
62,1.7033,15,0.4121,21,109,2.9945,1,9
57,1.7006,11,0.3282,15,96,2.8642,1,14
57,1.7006,19,0.5669,17,91,2.7151,1,6
59,1.7691,15,0.4498,20,93,2.7886,1,11
88,2.6387,21,0.6297,22,150,4.4978,2,7
48,1.4076,10,0.2933,22,74,2.1701,3,13
59,1.7302,10,0.2933,26,81,2.3754,5,9
50,1.7321,8,0.2771,21,66,2.2864,1,2
38,1.3164,11,0.3811,12,72,2.4942,4,11
56,1.7293,22,0.6794,13,108,3.335,3,10
62,1.9146,18,0.5558,20,96,2.9645,0,2
29,1.3172,13,0.5905,12,65,2.9523,0,9
33,1.4989,11,0.4996,10,49,2.2256,0,2
81,1.8786,30,0.6958,21,144,3.3398,0,8
94,2.1801,15,0.3479,31,127,2.9455,1,8
64,1.7329,15,0.4061,23,104,2.8159,3,8
67,1.8141,32,0.8664,19,135,3.6552,1,6
33,1.2791,10,0.3876,14,61,2.3643,1,5
38,1.4729,15,0.5814,12,74,2.8682,2,4
80,2.0495,13,0.333,26,119,3.0487,0,1
80,2.0495,18,0.4611,25,112,2.8693,2,8
41,1.6588,7,0.2832,13,61,2.468,1,14
38,1.5374,8,0.3237,14,57,2.3061,1,3
66,1.913,17,0.4928,20,100,2.8986,1,3
57,1.6522,17,0.4928,21,94,2.7246,1,11
71,1.9916,22,0.6171,24,106,2.9734,3,6
62,1.7391,18,0.5049,20,105,2.9453,5,12
60,1.7804,12,0.3561,21,95,2.819,1,8
61,1.8101,11,0.3264,21,93,2.7596,0,7
63,1.8612,16,0.4727,21,94,2.777,1,7
58,1.7134,24,0.709,20,106,3.1315,2,6
59,1.7551,19,0.5652,21,107,3.1829,3,12
71,2.112,16,0.476,16,90,2.6772,1,3
49,1.5233,6,0.1865,15,68,2.114,0,0
60,1.8653,10,0.3109,18,94,2.9223,1,12
33,1.0175,11,0.3392,15,69,2.1274,1,8
59,1.8191,8,0.2467,20,83,2.5591,0,3
57,1.8328,14,0.4502,19,89,2.8617,1,2
58,1.865,18,0.5788,19,90,2.8939,1,11
120,2.2785,31,0.5886,37,172,3.2658,0,5
177,3.3608,35,0.6646,40,226,4.2911,2,5
56,1.8401,13,0.4272,15,78,2.563,0,0
52,1.7087,29,0.9529,17,99,3.253,1,7
34,1.2624,13,0.4827,10,68,2.5248,0,10
67,2.4876,14,0.5198,20,90,3.3416,0,1
61,1.7647,23,0.6654,18,89,2.5747,0,4
60,1.7358,17,0.4918,20,116,3.3558,0,17
52,1.7276,9,0.299,20,77,2.5581,3,10
47,1.5615,11,0.3654,16,79,2.6246,0,5
92,2.1656,20,0.4708,31,135,3.1777,2,13
77,1.8125,29,0.6826,23,139,3.2719,3,14
49,1.4678,15,0.4493,16,87,2.6061,0,5
50,1.4978,21,0.6291,18,100,2.9955,3,10
89,2.2733,4,0.1022,31,105,2.682,0,9
81,2.069,20,0.5109,27,140,3.576,1,10
81,2.0025,18,0.445,27,126,3.115,2,10
101,2.4969,11,0.2719,31,126,3.115,1,11
52,1.4971,6,0.1727,16,72,2.0729,0,1
53,1.5259,12,0.3455,18,84,2.4184,0,5
47,1.5825,12,0.404,20,83,2.7946,2,6
39,1.3131,11,0.3704,13,76,2.5589,6,21
71,1.8734,17,0.4485,23,112,2.9551,4,7
69,1.8206,20,0.5277,20,115,3.0343,2,11
47,1.6096,10,0.3425,12,72,2.4658,0,0
53,1.8151,17,0.5822,17,83,2.8425,0,5
67,1.8483,12,0.331,19,105,2.8966,3,8
64,1.7655,12,0.331,19,97,2.6759,1,7
51,1.7105,12,0.4025,16,86,2.8843,0,1
47,1.5763,14,0.4695,13,88,2.9514,2,13
56,1.656,15,0.4436,23,94,2.7797,1,16
61,1.8038,21,0.621,19,108,3.1937,3,11
53,1.4923,20,0.5631,16,108,3.0408,1,12
109,3.069,28,0.7884,25,150,4.2234,1,2
60,1.6529,5,0.1377,19,90,2.4793,4,7
53,1.4601,8,0.2204,17,95,2.6171,2,17
73,2.5841,18,0.6372,16,107,3.7876,2,9
44,1.5575,8,0.2832,18,65,2.3009,0,0
65,1.8589,12,0.3432,23,99,2.8313,4,9
80,2.2879,18,0.5148,22,108,3.0887,3,9
44,1.6418,11,0.4104,14,66,2.4627,3,10
44,1.6418,5,0.1866,16,57,2.1269,0,0
70,1.9544,11,0.3071,19,107,2.9874,1,15
66,1.8427,10,0.2792,23,96,2.6803,0,6
54,1.7609,11,0.3587,19,70,2.2826,3,7
54,1.7609,12,0.3913,15,88,2.8696,3,3
54,1.5882,18,0.5294,18,94,2.7647,1,2
88,2.5882,19,0.5588,18,129,3.7941,1,6
58,1.7391,19,0.5697,17,104,3.1184,2,4
55,1.6492,12,0.3598,17,91,2.7286,0,7
60,1.8471,13,0.4002,15,90,2.7707,0,0
63,1.9395,11,0.3386,22,89,2.7399,2,6
47,1.4741,7,0.2196,12,84,2.6346,1,8
60,1.8819,11,0.345,19,86,2.6973,0,0
69,2.1835,14,0.443,12,117,3.7025,2,13
56,1.7722,18,0.5696,26,73,2.3101,5,6
38,1.5468,5,0.2035,18,56,2.2795,6,17
41,1.6689,13,0.5292,18,68,2.768,2,2
117,2.4632,23,0.4842,22,181,3.8105,0,14
71,1.4947,22,0.4632,26,103,2.1684,0,7
54,1.6364,17,0.5152,18,87,2.6364,1,8
70,2.1212,12,0.3636,17,103,3.1212,0,2
49,1.5647,14,0.447,18,94,3.0016,3,13
48,1.5327,9,0.2874,16,76,2.4268,1,3
63,1.7705,14,0.3934,21,104,2.9227,1,2
60,1.6862,20,0.5621,20,112,3.1475,1,12
62,1.8209,18,0.5286,20,100,2.9369,2,9
58,1.7034,17,0.4993,21,76,2.232,1,8
30,1.2667,5,0.2111,11,54,2.2801,2,22
29,1.2245,6,0.2533,8,49,2.069,0,3
98,3.0108,17,0.5223,17,132,4.0553,0,4
49,1.5054,7,0.2151,17,67,2.0584,4,12
37,1.5112,7,0.2859,14,53,2.1647,3,12
35,1.4295,9,0.3676,14,56,2.2873,0,1
39,1.5284,12,0.4703,12,60,2.3514,0,0
40,1.5676,11,0.4311,15,61,2.3906,4,10
70,1.891,12,0.3242,24,101,2.7285,2,14
61,1.6479,25,0.6754,18,116,3.1337,1,5
41,1.4617,10,0.3565,12,78,2.7807,2,12
40,1.426,8,0.2852,15,50,1.7825,0,2
77,1.7928,15,0.3492,27,115,2.6775,4,5
90,2.0955,18,0.4191,29,140,3.2596,4,8
80,2.6997,18,0.6074,21,110,3.712,2,3
42,1.4173,14,0.4724,13,75,2.5309,1,8
58,1.7262,14,0.4167,18,83,2.4702,0,6
85,2.5298,21,0.625,24,122,3.631,1,8
46,1.5889,12,0.4145,16,78,2.6943,0,8
44,1.5199,16,0.5527,16,81,2.7979,2,5
40,1.3809,12,0.4143,18,70,2.4166,3,8
40,1.3809,13,0.4488,18,80,2.7618,2,15
106,2.071,20,0.3908,33,149,2.9111,4,24
104,2.0319,28,0.5471,36,166,3.2432,4,11
81,1.8845,22,0.5118,29,130,3.0244,4,9
75,1.7449,17,0.3955,23,98,2.28,2,15
62,1.8703,18,0.543,20,103,3.1071,0,4
63,1.9005,20,0.6033,21,88,2.6546,2,11
78,1.8705,19,0.4556,22,132,3.1655,1,14
91,2.1823,14,0.3357,32,124,2.9736,2,12
43,1.3265,14,0.4319,17,61,1.8817,0,1
72,2.2211,20,0.617,12,113,3.4859,0,12
57,1.7775,6,0.1871,18,82,2.5572,4,16
46,1.4345,4,0.1247,18,66,2.0582,1,6
62,1.6917,11,0.3001,20,85,2.3192,1,13
79,2.1555,14,0.382,25,103,2.8104,2,10
58,1.8996,10,0.3275,15,85,2.7838,2,6
48,1.5721,5,0.1638,18,72,2.3581,1,12
43,1.5589,21,0.7613,16,69,2.5015,1,2
36,1.3051,9,0.3263,11,67,2.429,3,4
32,1.1779,2,0.0736,12,45,1.6564,0,9
36,1.3252,8,0.2945,13,59,2.1718,4,6
67,2.0171,7,0.2107,23,94,2.8299,0,8
60,1.8063,18,0.5419,27,107,3.2213,0,5
60,1.8471,11,0.3386,21,90,2.7707,1,11
61,1.8779,10,0.3079,20,90,2.7707,0,3
54,1.801,21,0.7004,22,100,3.3352,0,9
52,1.7343,11,0.3669,22,72,2.4013,0,2
65,1.7898,10,0.2754,20,101,2.7811,0,8
66,1.8173,14,0.3855,19,105,2.8912,0,6
67,1.6639,12,0.298,21,112,2.7815,2,7
83,2.0613,12,0.298,24,101,2.5083,2,6
51,1.6887,11,0.3642,19,75,2.4834,0,1
51,1.6887,5,0.1656,15,67,2.2185,1,6
28,1.0313,3,0.1105,9,53,1.9521,0,8
48,1.768,7,0.2578,16,60,2.2099,0,4
78,1.9772,12,0.3042,24,109,2.763,2,16
70,1.7744,32,0.8112,20,107,2.7123,2,7
48,1.6,18,0.6,15,97,3.2333,0,12
49,1.6333,7,0.2333,18,75,2.5,1,2
57,1.6427,16,0.4611,19,103,2.9683,1,5
20,0.5764,7,0.2017,12,32,0.9222,1,8
72,1.7597,23,0.5621,20,130,3.1772,1,7
78,1.9063,12,0.2933,20,112,2.7373,0,4
82,1.9943,14,0.3405,26,114,2.7726,4,12
68,1.6538,16,0.3891,23,126,3.0645,3,6
57,1.5974,12,0.3363,19,94,2.6343,4,9
68,1.9057,7,0.1962,22,90,2.5222,6,10
63,1.6875,12,0.3214,20,121,3.2411,2,3
79,2.1161,16,0.4286,28,113,3.0268,1,11
39,1.6194,7,0.2907,13,60,2.4913,4,10
27,1.1211,5,0.2076,11,42,1.7439,1,2
68,1.9012,11,0.3075,23,99,2.7679,2,6
69,1.9292,19,0.5312,25,109,3.0475,3,11
62,1.7416,11,0.309,21,93,2.6124,1,7
87,2.4438,10,0.2809,20,107,3.0056,1,5
84,1.9076,30,0.6813,29,154,3.4974,1,13
91,2.0666,14,0.3179,29,120,2.7252,0,9
50,1.5601,4,0.1248,19,74,2.3089,3,8
45,1.4041,6,0.1872,11,51,1.5913,2,15
52,1.6649,9,0.2882,20,70,2.2412,0,9
50,1.6009,19,0.6083,13,77,2.4653,0,2
55,1.8613,24,0.8122,17,91,3.0795,4,10
58,1.9628,7,0.2369,19,74,2.5042,1,3
46,1.4626,9,0.2862,14,68,2.1622,1,6
58,1.8442,13,0.4134,17,84,2.6709,0,4
44,1.6306,8,0.2965,16,66,2.446,6,12
52,1.9271,16,0.593,17,81,3.0019,0,2
47,1.5816,15,0.5048,20,69,2.3219,2,3
57,1.9181,4,0.1346,21,70,2.3556,2,5
50,1.2976,15,0.3893,11,84,2.1799,2,8
71,1.8426,15,0.3893,19,110,2.8547,2,10
63,2.1563,12,0.4107,16,106,3.6281,1,8
46,1.5744,9,0.308,15,60,2.0536,2,6
41,1.4319,0,0,14,42,1.4668,1,8
6,0.2095,2,0.0698,6,18,0.6286,2,9
47,1.4881,10,0.3166,15,81,2.5646,5,7
19,0.6016,5,0.1583,11,32,1.0132,7,19
37,1.4625,7,0.2767,13,59,2.332,0,2
31,1.2253,7,0.2767,10,59,2.332,3,13
72,2.1176,3,0.0882,24,78,2.2941,1,2
58,1.7059,23,0.6765,19,111,3.2647,2,5
54,1.5211,16,0.4507,20,83,2.338,2,4
71,2,13,0.3662,24,102,2.8732,2,6
73,1.7478,10,0.2394,22,91,2.1788,1,15
85,2.0351,21,0.5028,27,136,3.2562,3,10
50,1.6911,12,0.4059,18,59,1.9955,0,4
51,1.7249,11,0.372,16,79,2.6719,4,11
44,1.721,9,0.352,11,68,2.6597,2,11
36,1.4081,8,0.3129,13,56,2.1904,1,1
41,1.4766,15,0.5402,14,84,3.0252,0,1
51,1.8367,14,0.5042,14,78,2.8091,0,5
101,1.981,17,0.3334,33,132,2.5891,0,9
78,1.5299,13,0.255,20,132,2.5891,0,21
56,1.7473,9,0.2808,22,85,2.6521,1,3
50,1.5601,12,0.3744,15,86,2.6833,2,9
50,1.5432,20,0.6173,16,90,2.7778,1,14
51,1.5741,14,0.4321,16,71,2.1914,0,1
120,3.2476,32,0.866,27,164,4.4384,1,2
67,1.8133,18,0.4871,21,96,2.5981,8,13
74,2.3393,19,0.6006,18,112,3.5406,1,17
55,1.7387,9,0.2845,17,69,2.1812,0,4
51,1.6576,12,0.39,16,87,2.8277,1,5
57,1.8527,13,0.4225,15,94,3.0553,0,7
72,1.9132,8,0.2126,23,103,2.7369,0,3
79,2.0992,15,0.3986,24,118,3.1355,1,10
43,1.3753,12,0.3838,15,80,2.5586,1,8
68,2.1748,6,0.1919,24,83,2.6546,0,4
62,1.7182,21,0.582,29,104,2.8822,1,10
66,1.8291,14,0.388,23,114,3.1594,2,9
39,1.3854,10,0.3552,12,83,2.9485,0,2
8,0.2842,5,0.1776,8,28,0.9947,3,17
56,1.7143,13,0.398,21,88,2.6939,3,9
69,2.1122,6,0.1837,24,83,2.5408,2,2
81,1.732,23,0.4918,24,139,2.9722,2,9
29,0.6201,10,0.2138,13,64,1.3685,0,12
64,1.8303,18,0.5148,21,104,2.9743,0,9
51,1.4585,12,0.3432,20,96,2.7455,2,9
62,1.7902,13,0.3754,21,93,2.6853,3,9
51,1.4726,10,0.2887,17,79,2.281,0,11
63,1.8713,17,0.505,18,102,3.0297,0,3
68,2.0198,6,0.1782,18,83,2.4653,0,6
33,1.223,3,0.1112,10,47,1.7418,1,16
36,1.3342,6,0.2224,15,64,2.3718,0,3
66,1.8224,14,0.3866,22,107,2.9544,2,4
72,1.988,14,0.3866,26,107,2.9544,2,11
59,1.7852,15,0.4539,20,91,2.7534,4,8
36,1.0893,9,0.2723,13,69,2.0877,0,5
46,1.4807,9,0.2897,20,72,2.3176,4,4
53,1.706,10,0.3219,17,83,2.6717,1,8
62,1.7816,11,0.3161,23,75,2.1552,1,15
54,1.5517,9,0.2586,23,77,2.2126,1,6
57,1.9432,15,0.5114,21,86,2.9318,2,6
44,1.5,12,0.4091,19,78,2.6591,1,8
54,1.7289,9,0.2882,15,88,2.8175,2,10
69,2.2092,5,0.1601,24,85,2.7215,0,0
71,2.0354,15,0.43,21,93,2.666,4,10
60,1.72,15,0.43,21,90,2.58,1,1
40,1.5287,14,0.535,12,67,2.5605,1,8
43,1.6433,3,0.1146,13,58,2.2166,0,2
62,1.9175,17,0.5258,16,104,3.2165,4,15
58,1.7938,20,0.6186,20,91,2.8144,0,2
66,1.9643,11,0.3274,18,94,2.7976,0,2
16,0.4762,9,0.2679,11,41,1.2202,0,9
62,1.9009,16,0.4905,20,95,2.9126,5,12
68,2.0848,11,0.3373,21,82,2.5141,0,0
51,1.7367,10,0.3405,12,80,2.7242,1,9
21,0.7151,8,0.2724,14,29,0.9875,0,1
49,1.5449,6,0.1892,15,73,2.3016,0,5
47,1.4819,16,0.5045,14,95,2.9953,2,12
66,1.7561,7,0.1863,21,94,2.5011,1,4
74,1.969,12,0.3193,22,109,2.9002,0,13
49,1.4649,9,0.2691,17,72,2.1525,0,6
55,1.6442,18,0.5381,19,85,2.5411,3,14
69,1.9167,6,0.1667,29,84,2.3333,2,6
54,1.5,15,0.4167,22,108,3,2,14
32,1.3214,12,0.4955,8,66,2.7254,2,8
39,1.6105,9,0.3716,11,58,2.395,1,3
81,2.1057,12,0.312,25,109,2.8336,2,8
73,1.8977,15,0.3899,22,101,2.6256,1,10
59,1.749,5,0.1482,19,84,2.4901,2,9
51,1.5119,16,0.4743,17,81,2.4012,0,4
40,1.4797,17,0.6289,16,73,2.7004,1,8
44,1.6276,8,0.2959,19,60,2.2195,2,2
49,1.4258,13,0.3783,20,90,2.6188,1,12
67,1.9496,16,0.4656,20,88,2.5606,0,1
17,0.4277,7,0.1761,16,40,1.0063,0,4
76,1.9119,15,0.3774,24,114,2.8679,1,1
47,1.4344,13,0.3967,16,80,2.4415,1,3
57,1.7396,15,0.4578,18,103,3.1434,2,9
68,1.7747,16,0.4176,21,95,2.4793,1,12
76,1.9835,8,0.2088,20,109,2.8447,1,12
105,3.0361,37,1.0699,17,184,5.3205,1,10
62,1.7928,23,0.6651,21,93,2.6892,1,3
68,1.731,13,0.3309,21,109,2.7747,0,7
83,2.1129,10,0.2546,28,101,2.5711,1,9
41,1.5452,8,0.3015,18,58,2.1859,0,1
47,1.7714,17,0.6407,16,87,3.2789,1,14
59,1.838,19,0.5919,22,106,3.3022,0,4
56,1.7445,8,0.2492,18,84,2.6168,3,7
35,1.4151,8,0.3235,13,61,2.4663,1,4
35,1.4151,11,0.4447,9,74,2.9919,3,11
67,1.998,13,0.3877,17,98,2.9225,0,8
74,2.2068,15,0.4473,24,102,3.0417,0,0
42,1.4702,13,0.4551,16,77,2.6954,3,9
48,1.6803,6,0.21,18,63,2.2054,0,0
48,1.6504,13,0.447,15,72,2.4756,2,4
61,2.0974,9,0.3095,23,75,2.5788,0,5
65,1.709,13,0.3418,18,106,2.787,0,10
71,1.8668,22,0.5784,20,132,3.4706,2,15
28,1.1185,15,0.5992,11,71,2.8362,5,11
43,1.7177,7,0.2796,16,54,2.1571,0,1
59,1.7093,21,0.6084,19,97,2.8102,0,13
53,1.5355,15,0.4346,16,97,2.8102,3,6
53,1.5303,19,0.5486,17,94,2.7141,3,15
65,1.8768,6,0.1732,23,87,2.512,0,6
50,1.6816,4,0.1345,17,70,2.3543,3,12
44,1.4798,7,0.2354,17,72,2.4215,2,5
41,1.4496,15,0.5303,13,65,2.2982,1,1
42,1.485,8,0.2829,17,72,2.5457,0,4
10,0.3976,4,0.159,8,22,0.8748,1,8
32,1.2724,9,0.3579,12,55,2.1869,0,3
14,0.448,4,0.128,7,25,0.8,0,5
56,1.792,8,0.256,17,85,2.72,0,11
41,1.5251,7,0.2604,16,68,2.5294,1,5
35,1.3019,9,0.3348,12,52,1.9343,2,11
26,0.5765,6,0.133,14,40,0.8869,2,10
113,2.5055,15,0.3326,35,128,2.8381,0,4
48,1.7266,15,0.5396,16,63,2.2662,1,2
42,1.5108,10,0.3597,13,75,2.6978,0,5
19,0.4424,10,0.2328,7,47,1.0943,0,13
97,2.2584,9,0.2095,29,116,2.7008,0,3
48,1.6134,12,0.4034,14,91,3.0588,1,9
42,1.4118,25,0.8403,16,87,2.9244,1,4
45,1.6236,12,0.433,18,74,2.6699,1,7
52,1.8761,16,0.5773,14,98,3.5358,6,13
54,1.3929,20,0.5159,17,107,2.7601,2,6
64,1.6509,10,0.258,22,100,2.5795,2,10
38,1.425,8,0.3,12,61,2.2875,0,0
43,1.6125,13,0.4875,14,72,2.7,1,4
7,0.312,1,0.0446,6,13,0.5795,3,9
26,1.159,7,0.312,8,52,2.318,0,1
60,1.9149,7,0.2234,19,70,2.234,3,11
47,1.5,14,0.4468,15,83,2.6489,0,2
51,1.5612,12,0.3673,18,94,2.8776,0,1
71,2.1735,11,0.3367,18,96,2.9388,0,9
33,1.313,7,0.2785,14,58,2.3077,0,0
9,0.3581,3,0.1194,8,16,0.6366,2,19
47,1.541,18,0.5902,14,90,2.9508,2,8
44,1.4426,8,0.2623,16,70,2.2951,2,5
70,1.7427,10,0.249,21,120,2.9876,0,12
91,2.2656,17,0.4232,31,115,2.8631,2,7
58,1.9037,14,0.4595,18,98,3.2166,0,9
55,1.8053,13,0.4267,19,93,3.0525,0,5
50,1.5182,7,0.2126,15,79,2.3988,0,4
47,1.4271,12,0.3644,17,81,2.4595,0,8
87,1.7053,11,0.2156,28,116,2.2738,1,17
113,2.215,14,0.2744,34,133,2.607,3,11
74,1.9768,8,0.2137,27,97,2.5913,0,2
72,1.9234,15,0.4007,18,112,2.992,1,9
55,1.7732,13,0.4191,16,92,2.9661,0,10
66,2.1279,8,0.2579,18,81,2.6115,3,8
56,1.6884,15,0.4523,13,102,3.0754,2,5
55,1.6583,9,0.2714,18,80,2.4121,0,0
66,1.9682,23,0.6859,20,118,3.5189,0,10
72,2.1471,16,0.4771,23,95,2.833,2,6
84,1.9913,18,0.4267,32,125,2.9633,0,10
77,1.8254,20,0.4741,26,124,2.9395,0,8
76,1.8088,23,0.5474,27,125,2.975,1,12
83,1.9754,19,0.4522,34,126,2.9988,4,5
46,1.6037,7,0.244,17,69,2.4056,2,9
59,2.0569,5,0.1743,23,67,2.3359,0,4
56,2.0144,9,0.3237,22,67,2.4101,1,2
47,1.6906,8,0.2878,14,68,2.446,2,10
54,1.7734,10,0.3284,13,91,2.9885,0,9
60,1.9704,13,0.4269,24,85,2.7915,1,1
61,1.9677,14,0.4516,21,101,3.2581,1,2
43,1.3871,19,0.6129,13,81,2.6129,0,8
8,0.2315,10,0.2894,7,34,0.9841,0,4
55,1.5919,15,0.4342,18,95,2.7496,1,6
67,1.7501,14,0.3657,20,101,2.6382,0,0
66,1.724,3,0.0784,24,80,2.0897,0,4
63,1.9596,17,0.5288,21,79,2.4572,0,4
10,0.311,8,0.2488,10,19,0.591,0,1
52,1.6482,14,0.4437,18,87,2.7575,0,3
53,1.6799,5,0.1585,18,63,1.9968,0,8
19,0.5429,6,0.1714,10,37,1.0571,0,4
67,1.9143,3,0.0857,24,85,2.4286,0,1
83,1.7037,13,0.2668,27,120,2.4632,0,12
78,1.6011,32,0.6569,20,135,2.7711,0,8
44,1.5612,7,0.2484,14,58,2.058,0,4
7,0.2484,5,0.1774,6,24,0.8516,0,8
54,1.4924,16,0.4422,16,111,3.0677,2,11
63,1.7411,27,0.7462,22,111,3.0677,1,4
67,2.0324,15,0.455,21,81,2.457,1,4
111,3.367,24,0.728,18,162,4.9141,1,11
44,1.5304,8,0.2783,20,70,2.4348,2,13
40,1.3913,6,0.2087,18,53,1.8435,3,5
36,1.5158,9,0.3789,16,54,2.2737,2,3
14,0.5895,2,0.0842,7,16,0.6737,6,13
40,1.5009,6,0.2251,11,64,2.4015,3,7
14,0.5253,3,0.1126,7,24,0.9006,0,1
73,1.9077,14,0.3659,17,122,3.1882,1,11
76,1.9861,9,0.2352,20,101,2.6394,1,4
63,1.8069,11,0.3155,22,87,2.4952,0,7
66,1.8929,10,0.2868,18,106,3.0402,1,10
74,1.9491,7,0.1844,25,91,2.3968,0,1
63,1.6594,6,0.158,18,84,2.2125,0,9
38,1.3043,5,0.1716,13,48,1.6476,1,3
38,1.3043,5,0.1716,13,61,2.0938,1,11
31,1.2229,3,0.1183,10,55,2.1696,1,8
25,0.9862,6,0.2367,8,38,1.499,0,2
17,0.5113,13,0.391,10,33,0.9925,0,1
59,1.7744,19,0.5714,16,100,3.0075,0,6
13,0.4019,9,0.2782,9,35,1.0819,1,8
63,1.9474,9,0.2782,17,77,2.3802,5,6
61,1.8693,12,0.3677,24,96,2.9418,0,0
58,1.7773,10,0.3064,19,79,2.4208,1,7
12,0.3477,18,0.5215,7,49,1.4196,0,5
66,1.9121,10,0.2897,29,82,2.3757,0,5
51,1.5557,13,0.3965,18,81,2.4708,0,8
53,1.6167,13,0.3965,21,83,2.5318,4,6
69,1.8557,28,0.753,20,139,3.7382,0,5
81,2.1784,14,0.3765,27,92,2.4742,5,9
36,1.4257,9,0.3564,10,69,2.7327,1,3
40,1.5842,10,0.396,16,66,2.6139,0,4
53,1.6249,4,0.1226,15,74,2.2688,3,15
56,1.7169,10,0.3066,21,90,2.7593,3,4
42,1.4524,9,0.3112,16,68,2.3516,2,2
38,1.3141,8,0.2767,11,69,2.3862,8,17
90,1.9934,28,0.6202,29,132,2.9236,1,9
66,1.4618,12,0.2658,24,96,2.1262,1,8
52,1.6578,16,0.5101,18,85,2.7099,1,9
50,1.594,13,0.4145,18,86,2.7418,3,16
41,1.4669,11,0.3936,13,60,2.1467,2,15
43,1.5385,23,0.8229,17,78,2.7907,1,4
64,2.1585,22,0.742,24,103,3.4739,0,2
23,0.7757,7,0.2361,13,34,1.1467,4,12
47,1.5178,11,0.3552,13,82,2.648,0,3
46,1.4855,11,0.3552,12,79,2.5511,0,8
65,1.6203,15,0.3739,19,128,3.1907,0,6
83,2.069,21,0.5235,24,123,3.0661,0,1
49,1.5449,14,0.4414,11,90,2.8376,0,3
48,1.5134,8,0.2522,12,86,2.7115,1,1
64,1.5907,20,0.4971,16,122,3.0323,2,11
71,1.7647,22,0.5468,20,148,3.6785,3,5
32,1.1368,13,0.4618,6,79,2.8064,2,12
36,1.2789,5,0.1776,8,55,1.9538,0,1
30,1.2465,3,0.1247,12,44,1.8283,2,5
31,1.2881,9,0.374,13,64,2.6593,7,10
60,1.7094,4,0.114,21,75,2.1368,1,8
58,1.6524,12,0.3419,24,92,2.6211,0,6
55,1.5835,8,0.2303,22,80,2.3033,0,6
51,1.4683,11,0.3167,18,80,2.3033,3,11
24,0.5983,13,0.3241,17,33,0.8226,3,12
77,1.9194,21,0.5235,27,119,2.9663,2,3
39,1.351,10,0.3464,17,59,2.0439,2,3
43,1.4896,6,0.2079,17,52,1.8014,0,7
77,2.0433,36,0.9553,25,142,3.7682,1,11
63,1.6718,11,0.2919,20,92,2.4414,0,1
61,1.5143,21,0.5213,17,115,2.8548,8,10
77,1.9115,18,0.4468,25,110,2.7307,2,7
81,1.9526,20,0.4821,28,153,3.6882,1,8
83,2.0008,3,0.0723,27,93,2.2419,0,12
12,0.45,1,0.0375,10,19,0.7125,0,3
40,1.5,6,0.225,14,69,2.5875,3,17
60,1.8173,6,0.1817,15,79,2.3927,1,5
47,1.4235,10,0.3029,15,71,2.1504,3,11
64,1.7919,13,0.364,15,92,2.5758,0,7
52,1.4559,9,0.252,21,74,2.0719,1,4
59,1.7068,14,0.405,8,88,2.5458,0,2
52,1.5043,4,0.1157,17,70,2.0251,3,13
47,1.5145,10,0.3222,13,78,2.5134,0,7
45,1.4501,10,0.3222,16,77,2.4812,0,1
53,1.6216,13,0.3978,18,80,2.4477,0,10
47,1.438,14,0.4284,16,95,2.9067,0,11
35,1.0053,10,0.2872,15,68,1.9531,1,8
55,1.5797,14,0.4021,21,96,2.7573,4,17
47,1.4952,6,0.1909,17,83,2.6405,4,17
55,1.7497,13,0.4136,19,85,2.7041,1,3
36,1.2834,7,0.2496,11,61,2.1747,1,3
39,1.3904,7,0.2496,13,73,2.6025,3,14
84,2.1266,15,0.3797,27,123,3.1139,2,7
21,0.5316,15,0.3797,9,53,1.3418,0,2
11,0.4638,2,0.0843,10,17,0.7168,1,1
34,1.4336,8,0.3373,12,65,2.7407,2,9
44,1.5287,17,0.5906,18,90,3.1268,0,3
59,2.0498,14,0.4864,22,76,2.6404,1,11
51,1.674,9,0.2954,17,77,2.5274,1,8
45,1.477,15,0.4923,20,88,2.8884,0,2
57,1.825,26,0.8324,25,89,2.8495,1,10
50,1.6009,20,0.6403,21,91,2.9136,0,1
57,1.7711,26,0.8079,14,94,2.9208,0,0
93,2.8897,24,0.7457,17,145,4.5054,3,9
97,2.4914,26,0.6678,22,148,3.8014,2,13
79,2.0291,22,0.5651,30,96,2.4658,1,9
54,1.6736,14,0.4339,15,72,2.2314,0,0
53,1.6426,10,0.3099,16,91,2.8202,1,9
60,1.757,27,0.7906,21,114,3.3382,1,7
57,1.6691,17,0.4978,21,95,2.7818,0,2
45,1.4967,11,0.3659,15,71,2.3614,5,12
54,1.796,16,0.5322,22,68,2.2616,3,5
48,1.7297,20,0.7207,19,94,3.3874,1,4
52,1.8739,8,0.2883,19,69,2.4865,0,2
35,1.4094,4,0.1611,13,50,2.0134,1,2
31,1.2483,2,0.0805,12,56,2.255,1,6
81,1.9926,11,0.2706,29,100,2.46,2,7
74,1.8204,5,0.123,23,82,2.0172,2,11
27,0.3843,20,0.2846,25,72,1.0247,0,5
172,2.4478,33,0.4696,49,245,3.4867,1,13
70,1.8962,14,0.3792,22,89,2.4108,0,9
69,1.8691,18,0.4876,20,111,3.0068,1,9
41,1.3851,16,0.5405,16,87,2.9392,3,17
43,1.4527,13,0.4392,14,80,2.7027,1,7
55,1.6385,10,0.2979,16,87,2.5919,1,4
51,1.5194,17,0.5065,17,102,3.0387,2,13
60,1.8809,19,0.5956,22,86,2.6959,1,2
50,1.5674,16,0.5016,16,91,2.8527,2,13
39,1.482,19,0.722,13,97,3.6859,3,12
48,1.8239,13,0.494,17,70,2.6599,3,4
36,1.3075,3,0.109,9,54,1.9613,1,11
30,1.0896,6,0.2179,10,48,1.7433,0,0
57,1.4051,7,0.1726,20,96,2.3665,0,5
74,1.8242,6,0.1479,22,97,2.3911,0,11
38,1.4349,18,0.6797,11,68,2.5677,1,1
36,1.3593,8,0.3021,13,53,2.0013,7,17
64,1.8277,14,0.3998,20,99,2.8272,0,1
61,1.742,14,0.3998,21,103,2.9415,0,5
54,1.7062,10,0.316,11,79,2.4961,2,2
46,1.4534,7,0.2212,15,72,2.2749,5,12
75,1.7013,18,0.4083,23,137,3.1078,0,4
96,2.1777,18,0.4083,31,133,3.017,3,10
75,1.7013,18,0.4083,23,137,3.1078,0,4
96,2.1777,18,0.4083,31,133,3.017,3,10
24,0.7822,5,0.163,15,38,1.2385,3,13
48,1.5644,19,0.6192,19,99,3.2265,1,1
53,1.7283,24,0.7826,20,113,3.6848,1,6
58,1.8913,19,0.6196,25,89,2.9022,1,2
16,0.5031,3,0.0943,8,23,0.7233,3,4
49,1.5409,7,0.2201,17,76,2.3899,4,16
69,1.9981,10,0.2896,26,90,2.6062,3,11
22,0.6371,4,0.1158,13,38,1.1004,1,4
59,1.6714,9,0.255,24,95,2.6912,3,7
74,2.0963,7,0.1983,29,93,2.6346,1,3
48,1.5492,10,0.3228,22,77,2.4852,0,6
55,1.7751,7,0.2259,23,83,2.6789,1,13
46,1.5532,7,0.2364,18,71,2.3973,1,1
51,1.722,13,0.4389,16,84,2.8362,1,5
64,1.8028,13,0.3662,21,98,2.7606,0,6
60,1.6901,19,0.5352,18,83,2.338,0,9
54,1.6607,7,0.2153,21,79,2.4295,0,3
50,1.5377,10,0.3075,18,82,2.5218,1,7
53,1.7254,20,0.6511,13,115,3.7439,3,9
56,1.8231,10,0.3256,17,77,2.5068,1,1
46,1.6302,8,0.2835,17,71,2.5162,2,5
45,1.5948,6,0.2126,17,68,2.4099,7,14
55,1.4732,19,0.5089,14,102,2.7321,0,9
74,1.9821,14,0.375,27,103,2.7589,0,10
34,1.292,15,0.57,14,74,2.8119,1,9
45,1.7099,16,0.608,16,65,2.4699,2,2
64,1.8011,9,0.2533,17,81,2.2795,2,20
48,1.3508,9,0.2533,17,85,2.3921,3,7
44,1.5856,4,0.1441,14,55,1.982,2,3
39,1.4054,8,0.2883,12,77,2.7748,1,9
72,2.6536,19,0.7002,13,119,4.3857,3,12
12,0.4423,3,0.1106,6,21,0.774,0,1
61,1.8808,15,0.4625,17,98,3.0216,1,4
52,1.6033,14,0.4317,18,85,2.6208,0,1
73,1.9227,12,0.3161,27,106,2.7919,1,3
68,1.791,24,0.6321,26,118,3.108,0,9
24,0.7358,12,0.3679,16,47,1.441,3,11
65,1.9928,15,0.4599,23,99,3.0353,0,3
88,1.9746,29,0.6507,29,154,3.4555,1,10
85,1.9073,12,0.2693,26,109,2.4458,1,7
73,1.7856,14,0.3424,21,116,2.8373,0,5
88,2.1525,7,0.1712,32,83,2.0302,0,1
53,1.6191,4,0.1222,23,61,1.8635,2,2
64,1.9552,15,0.4582,20,103,3.1466,0,2
59,1.8172,22,0.6776,21,112,3.4497,0,4
51,1.5708,14,0.4312,15,82,2.5257,0,1
67,1.9716,10,0.2943,22,100,2.9426,1,2
56,1.6479,18,0.5297,17,108,3.178,4,15
56,1.7712,10,0.3163,20,90,2.8466,0,17
52,1.6447,15,0.4744,17,89,2.815,2,5
41,1.2088,5,0.1474,14,68,2.0049,1,5
55,1.6216,20,0.5897,15,109,3.2138,2,7
59,1.7277,11,0.3221,15,102,2.9868,4,12
15,0.4392,4,0.1171,10,30,0.8785,0,2
89,1.8047,27,0.5475,23,152,3.0821,1,4
135,2.7374,32,0.6489,30,213,4.319,3,13
55,1.6993,10,0.309,19,81,2.5026,0,4
57,1.7611,14,0.4325,20,93,2.8733,1,4
67,1.7632,21,0.5526,20,115,3.0263,5,9
70,1.8421,6,0.1579,27,85,2.2368,3,10
70,2.0378,11,0.3202,26,98,2.853,2,3
67,1.9505,24,0.6987,23,122,3.5517,0,10
61,1.8769,11,0.3385,23,87,2.6769,1,4
59,1.8154,21,0.6462,20,105,3.2308,3,12
91,2.6351,18,0.5212,22,140,4.0541,6,11
64,1.8533,21,0.6081,18,103,2.9826,0,5
53,1.8839,9,0.3199,16,89,3.1635,0,1
48,1.7062,22,0.782,18,95,3.3768,1,5
63,1.5549,13,0.3209,26,107,2.6409,0,6
70,1.7277,13,0.3209,23,106,2.6162,1,9
52,1.6378,11,0.3465,20,75,2.3622,0,0
46,1.4488,17,0.5354,17,85,2.6772,0,4
44,1.4949,15,0.5096,15,80,2.718,2,17
43,1.4609,9,0.3058,19,77,2.6161,3,9
46,1.6507,9,0.323,14,69,2.4761,1,6
47,1.6866,8,0.2871,19,62,2.2249,1,1
51,1.7076,17,0.5692,19,90,3.0134,2,6
52,1.7411,19,0.6362,21,89,2.9799,1,4
65,1.9422,18,0.5378,21,105,3.1375,6,13
64,1.9124,13,0.3884,22,88,2.6295,1,2
59,1.8361,15,0.4668,23,92,2.8631,0,5
53,1.6494,16,0.4979,20,80,2.4896,1,2
50,1.7391,15,0.5217,22,73,2.5391,1,9
43,1.4957,7,0.2435,14,56,1.9478,1,1
69,1.8956,18,0.4945,25,88,2.4176,0,2
65,1.7857,19,0.522,22,102,2.8022,1,10
45,1.6718,4,0.1486,16,61,2.2663,3,9
45,1.6718,6,0.2229,14,66,2.452,1,1
103,2.0914,17,0.3452,30,150,3.0457,3,15
118,2.3959,8,0.1624,40,137,2.7817,2,11
45,1.5341,16,0.5455,15,98,3.3409,0,10
47,1.6023,9,0.3068,19,68,2.3182,0,0
74,1.7838,15,0.3616,25,125,3.0133,0,8
77,1.8562,20,0.4821,29,126,3.0374,2,8
54,1.6208,12,0.3602,18,87,2.6113,0,7
53,1.5908,16,0.4802,23,91,2.7314,3,15
54,1.6257,17,0.5118,23,90,2.7095,6,9
64,1.9267,22,0.6623,25,116,3.4922,1,11
33,1.1218,12,0.4079,13,51,1.7337,1,1
50,1.6997,19,0.6459,19,88,2.9915,1,5
56,1.7731,12,0.3799,18,91,2.8813,1,8
52,1.6464,18,0.5699,19,87,2.7546,0,8
47,1.6105,12,0.4112,16,80,2.7413,1,4
46,1.5762,11,0.3769,14,77,2.6385,4,20
49,1.5764,18,0.5791,11,89,2.8633,0,9
63,2.0268,4,0.1287,24,76,2.445,1,2
50,1.7045,8,0.2727,19,74,2.5227,2,5
45,1.5341,4,0.1364,10,63,2.1477,4,17
31,1.2425,7,0.2806,12,66,2.6453,2,4
39,1.5631,13,0.521,15,70,2.8056,4,10
41,1.5679,12,0.4589,12,79,3.021,1,2
49,1.8738,8,0.3059,18,69,2.6386,0,10
87,2.1535,21,0.5198,32,132,3.2673,4,10
85,2.104,14,0.3465,22,131,3.2426,5,20
51,1.5323,24,0.7211,15,103,3.0946,3,12
65,1.9529,17,0.5108,20,101,3.0346,3,7
61,1.7854,18,0.5268,22,103,3.0146,2,6
62,1.8146,11,0.322,15,108,3.161,2,15
55,1.7028,20,0.6192,17,106,3.2817,0,9
58,1.7957,20,0.6192,17,99,3.065,0,1
53,1.7825,10,0.3363,19,81,2.7242,2,7
47,1.5807,16,0.5381,17,85,2.8587,1,9
64,1.9258,21,0.6319,20,118,3.5507,0,4
67,2.016,25,0.7523,21,123,3.7011,1,8
63,1.8252,15,0.4346,23,96,2.7813,4,10
58,1.6803,20,0.5794,20,108,3.1289,7,16
41,1.4001,2,0.0683,15,61,2.0831,2,10
49,1.6733,17,0.5805,18,70,2.3904,0,4
82,1.8887,19,0.4376,30,125,2.8791,1,19
77,1.7735,18,0.4146,27,126,2.9021,3,10
38,1.3776,10,0.3625,15,62,2.2477,2,17
43,1.5589,24,0.8701,17,80,2.9003,0,3
62,1.9641,12,0.3801,24,75,2.3759,1,4
57,1.8057,18,0.5702,19,89,2.8194,0,11
121,2.5483,6,0.1264,45,143,3.0116,5,15
104,2.1902,22,0.4633,31,148,3.1169,0,3
53,2.216,11,0.4599,15,90,3.7631,5,6
37,1.547,12,0.5017,13,55,2.2997,1,1
45,1.4493,15,0.4831,15,94,3.0274,4,16
47,1.5137,12,0.3865,20,74,2.3833,1,5
43,1.3011,19,0.5749,18,83,2.5113,0,5
63,1.9062,15,0.4539,21,89,2.6929,0,6
68,1.9672,17,0.4918,19,98,2.8351,3,12
61,1.7647,8,0.2314,24,84,2.4301,4,4
54,1.5436,0,0,11,77,2.201,3,12
67,1.9152,12,0.343,24,103,2.9443,3,3
36,1.501,17,0.7088,12,74,3.0855,4,19
26,1.0841,9,0.3753,9,46,1.918,3,4
51,1.588,23,0.7161,22,100,3.1136,5,13
54,1.6814,7,0.218,21,73,2.273,1,1
65,1.7473,16,0.4301,23,115,3.0914,2,20
91,2.4462,16,0.4301,34,112,3.0108,2,8
54,1.7429,21,0.6778,21,94,3.0339,2,11
67,2.1625,5,0.1614,22,69,2.227,0,2
72,2.5562,13,0.4615,21,90,3.1953,2,7
43,1.5266,5,0.1775,8,55,1.9527,3,4
74,1.7203,23,0.5347,24,137,3.1848,2,9
91,2.1155,14,0.3255,30,115,2.6734,0,1
97,2.3206,5,0.1196,36,116,2.7751,3,13
64,1.5311,11,0.2632,23,104,2.488,1,3
51,1.6055,18,0.5666,16,90,2.8332,3,3
47,1.4795,12,0.3778,14,80,2.5184,4,10
44,1.4798,19,0.639,20,89,2.9933,0,2
44,1.4798,10,0.3363,14,75,2.5224,5,20
61,1.6835,33,0.9108,21,112,3.0911,0,8
68,1.8767,19,0.5244,17,103,2.8427,1,6
78,1.9697,12,0.303,24,108,2.7273,0,7
88,2.2222,18,0.4545,24,115,2.904,0,6
63,2.0128,26,0.8307,17,103,3.2907,1,8
64,2.0447,10,0.3195,22,83,2.6518,3,7
29,1.3063,10,0.4505,10,55,2.4775,6,18
21,0.9459,6,0.2703,8,41,1.8468,1,1
30,1.25,6,0.25,10,41,1.7083,2,3
27,1.125,8,0.3333,10,53,2.2083,3,13
61,1.9033,6,0.1872,21,79,2.4649,0,0
62,1.9345,16,0.4992,21,107,3.3385,0,10
70,2.4306,22,0.7639,18,114,3.9583,3,11
54,1.875,4,0.1389,18,74,2.5694,1,3
54,1.7783,12,0.3952,23,83,2.7333,0,7
64,2.1076,6,0.1976,23,76,2.5027,1,7
53,1.4846,24,0.6723,15,105,2.9412,1,4
63,1.7647,14,0.3922,23,98,2.7451,1,1
51,1.3834,10,0.2712,16,84,2.2785,0,2
57,1.5461,9,0.2441,20,76,2.0615,2,7
87,1.877,19,0.4099,33,134,2.891,4,11
94,2.028,23,0.4962,34,142,3.0636,1,13
69,1.77,10,0.2565,18,103,2.6422,1,12
63,1.6161,13,0.3335,27,94,2.4113,0,6
75,1.8734,20,0.4996,24,138,3.4471,2,9
66,1.6486,11,0.2748,23,97,2.423,1,5
68,1.7406,15,0.384,20,114,2.9181,1,5
87,2.227,23,0.5887,27,119,3.0461,0,2
55,1.5881,17,0.4909,18,98,2.8296,0,9
65,1.8768,12,0.3465,19,90,2.5987,0,5
90,2.0052,26,0.5793,29,160,3.5648,3,10
81,1.8047,22,0.4902,27,128,2.8518,3,7
61,1.8607,9,0.2745,18,87,2.6538,1,4
57,1.7387,11,0.3355,18,89,2.7148,4,18
55,1.6051,9,0.2626,19,90,2.6265,1,4
49,1.43,14,0.4086,15,101,2.9475,1,2
37,1.2937,13,0.4545,13,68,2.3776,1,9
40,1.3986,4,0.1399,15,55,1.9231,4,7
62,1.8164,13,0.3809,21,101,2.959,0,0
64,1.875,12,0.3516,16,104,3.0469,2,9
71,1.8236,20,0.5137,22,139,3.5702,1,11
75,1.9264,20,0.5137,21,126,3.2363,5,9
126,2.2067,30,0.5254,25,222,3.8879,1,9
127,2.2242,13,0.2277,47,157,2.7496,2,9
32,1.2167,7,0.2662,13,54,2.0532,1,2
41,1.5589,10,0.3802,14,72,2.7376,5,12
57,1.6691,10,0.2928,16,93,2.7233,3,7
55,1.6105,19,0.5564,19,102,2.9868,1,8
46,1.6687,11,0.399,16,60,2.1765,2,6
46,1.6687,6,0.2177,17,64,2.3216,2,5
57,1.8357,24,0.7729,16,99,3.1884,1,13
54,1.7391,11,0.3543,20,66,2.1256,5,5
63,2.0656,7,0.2295,23,70,2.2951,0,6
54,1.7705,26,0.8525,18,86,2.8197,0,2
58,1.6571,15,0.4286,19,89,2.5429,3,9
59,1.6857,11,0.3143,22,91,2.6,2,4
89,1.899,27,0.5761,31,163,3.478,0,2
94,2.0057,26,0.5548,30,152,3.2432,0,7
45,1.3875,10,0.3083,17,76,2.3433,5,11
55,1.6958,18,0.555,18,90,2.7749,7,21
54,1.7734,14,0.4598,15,90,2.9557,0,6
42,1.3793,17,0.5583,13,85,2.7915,0,3
62,1.791,15,0.4333,17,95,2.7443,0,2
63,1.8199,8,0.2311,21,88,2.5421,2,14
57,1.5877,22,0.6128,20,113,3.1476,1,5
80,2.2284,21,0.585,22,124,3.454,1,9
43,1.4068,22,0.7197,13,100,3.2715,1,15
53,1.7339,9,0.2944,18,73,2.3882,0,5
40,1.3636,8,0.2727,18,59,2.0114,0,1
46,1.5682,29,0.9886,14,107,3.6477,2,11
41,1.382,11,0.3708,13,78,2.6292,2,5
66,2.2247,14,0.4719,12,103,3.4719,3,11
58,1.8422,12,0.3812,22,78,2.4775,1,6
47,1.4929,12,0.3812,15,76,2.414,1,10
56,1.635,22,0.6423,20,108,3.1533,2,12
50,1.4599,8,0.2336,16,79,2.3066,0,3
56,1.7482,9,0.281,21,93,2.9032,3,6
58,1.8106,8,0.2497,19,83,2.5911,0,6
71,1.6621,15,0.3512,21,129,3.0199,5,9
87,2.0367,6,0.1405,34,102,2.3878,1,6
56,1.5252,5,0.1362,20,80,2.1788,0,12
54,1.4707,8,0.2179,17,87,2.3695,2,8
41,1.557,7,0.2658,15,66,2.5063,1,4
32,1.2152,10,0.3797,10,64,2.4304,5,14
75,2.0464,16,0.4366,30,104,2.8377,1,10
68,1.8554,24,0.6548,23,130,3.5471,0,4
58,1.859,16,0.5128,18,96,3.0769,3,9
68,2.1795,7,0.2244,25,91,2.9167,2,5
52,1.7031,12,0.393,19,87,2.8493,3,15
52,1.7031,10,0.3275,17,87,2.8493,0,2
58,1.7487,14,0.4221,15,91,2.7437,2,4
52,1.5678,16,0.4824,20,87,2.6231,0,8
78,2.1167,7,0.19,23,93,2.5237,1,8
45,1.2212,15,0.4071,18,97,2.6323,0,12
45,1.6206,15,0.5402,18,78,2.8091,0,5
44,1.5846,17,0.6122,13,83,2.9892,0,4
69,1.7876,27,0.6995,22,125,3.2383,1,12
81,2.0984,14,0.3627,28,95,2.4611,0,4
62,1.9116,15,0.4625,25,94,2.8983,1,6
67,2.0658,14,0.4317,23,104,3.2066,0,6
80,2.9091,28,1.0182,15,112,4.0727,2,9
67,2.4364,21,0.7636,18,95,3.4545,1,1
122,2.5285,29,0.601,28,190,3.9378,1,4
127,2.6321,24,0.4974,33,161,3.3368,0,12
66,2.004,3,0.0911,24,78,2.3684,0,9
62,1.8826,16,0.4858,20,102,3.0972,2,7
63,1.6822,15,0.4005,19,108,2.8838,3,3
94,2.51,26,0.6943,31,124,3.3111,0,5
53,1.454,9,0.2469,21,79,2.1674,2,4
52,1.4266,7,0.192,20,79,2.1674,0,10
46,1.6084,10,0.3497,16,74,2.5874,3,4
45,1.5734,17,0.5944,16,90,3.1469,7,16
70,1.9934,11,0.3132,28,96,2.7337,1,4
67,1.9079,23,0.655,21,121,3.4457,0,3
78,2.0644,20,0.5293,23,116,3.0701,0,1
65,1.7203,28,0.7411,18,136,3.5995,1,8
62,1.9009,16,0.4905,23,103,3.1579,0,3
52,1.5943,17,0.5212,18,93,2.8513,1,8
39,1.4662,9,0.3383,11,70,2.6316,1,6
39,1.4662,8,0.3008,16,58,2.1805,1,1
64,1.7986,22,0.6183,21,121,3.4005,3,16
61,1.7143,14,0.3934,17,85,2.3888,1,1
99,2.2917,29,0.6713,33,142,3.287,0,12
82,1.8981,21,0.4861,24,135,3.125,3,6
54,1.5269,17,0.4807,17,91,2.573,2,5
69,1.951,8,0.2262,21,93,2.6296,2,9
44,1.5068,14,0.4795,17,71,2.4315,0,2
58,1.9863,16,0.5479,16,79,2.7055,3,15
63,2.0861,9,0.298,12,95,3.1457,0,8
49,1.6225,13,0.4305,16,86,2.8477,1,4
52,1.7788,13,0.4447,15,83,2.8392,1,12
53,1.813,11,0.3763,18,87,2.9761,2,4
81,1.8564,12,0.275,28,128,2.9335,0,4
79,1.8105,15,0.3438,20,116,2.6585,1,6
45,1.6667,12,0.4444,14,74,2.7407,2,3
41,1.5185,15,0.5556,13,75,2.7778,1,6
56,1.5887,12,0.3404,18,95,2.695,0,8
52,1.4752,22,0.6241,18,109,3.0922,0,3
59,1.5547,12,0.3162,18,98,2.5823,0,15
90,2.3715,23,0.6061,34,113,2.9776,0,4
81,2.2061,15,0.4085,30,115,3.1321,0,2
69,1.8793,10,0.2724,22,115,3.1321,0,9
83,1.9146,14,0.323,28,129,2.9758,2,7
88,2.03,10,0.2307,26,109,2.5144,0,6
62,1.8807,11,0.3337,20,93,2.821,3,9
57,1.729,11,0.3337,16,83,2.5177,0,3
65,1.9071,18,0.5281,23,102,2.9927,1,5
51,1.4963,13,0.3814,15,94,2.7579,3,13
69,2.0354,22,0.649,18,106,3.1268,1,13
51,1.5044,16,0.472,17,88,2.5959,0,4
44,1.6137,12,0.4401,18,72,2.6406,5,14
37,1.357,5,0.1834,14,58,2.1271,1,5
54,1.7017,12,0.3782,21,84,2.6471,0,2
61,1.9223,10,0.3151,19,97,3.0567,4,13
49,1.8238,12,0.4467,18,74,2.7543,7,14
37,1.3772,12,0.4467,13,61,2.2705,2,3
106,2.1818,24,0.494,37,148,3.0463,0,2
113,2.3259,12,0.247,40,137,2.8199,5,12
62,1.6909,11,0.3,22,97,2.6455,0,8
74,2.0182,7,0.1909,25,101,2.7545,0,4
65,1.8031,19,0.527,19,110,3.0513,6,16
68,1.8863,9,0.2497,24,95,2.6352,2,7
56,1.9244,15,0.5155,15,83,2.8522,1,2
45,1.5464,24,0.8247,13,97,3.3333,0,12
77,2.169,11,0.3099,28,97,2.7324,2,15
54,1.5211,14,0.3944,11,91,2.5634,8,21
53,1.6443,14,0.4343,20,88,2.7301,3,11
60,1.8614,13,0.4033,21,91,2.8232,0,4
69,1.8742,11,0.2988,22,96,2.6075,2,10
77,2.0914,5,0.1358,23,102,2.7705,2,5
121,2.3579,8,0.1559,41,150,2.923,1,13
111,2.163,15,0.2923,34,131,2.5528,2,5
124,3.1353,20,0.5057,26,173,4.3742,0,9
80,2.0228,21,0.531,28,96,2.4273,0,12
66,1.6583,16,0.402,18,118,2.9648,2,15
86,2.1608,17,0.4271,32,117,2.9397,2,9
64,1.8497,31,0.896,17,143,4.1329,2,10
70,2.0231,7,0.2023,24,85,2.4566,3,5
23,1.0815,3,0.1411,8,43,2.0219,1,10
30,1.4107,8,0.3762,9,53,2.4922,1,4
77,2.0579,25,0.6682,30,106,2.833,2,5
70,1.8708,16,0.4276,20,103,2.7528,1,4
66,1.7561,16,0.4257,22,108,2.8736,2,5
79,2.102,18,0.4789,23,100,2.6608,1,6
39,1.4012,12,0.4311,13,66,2.3713,2,11
38,1.3653,8,0.2874,16,54,1.9401,1,1
62,1.7335,14,0.3914,22,110,3.0755,1,5
64,1.7894,8,0.2237,22,98,2.74,0,15
41,1.4599,12,0.4273,15,73,2.5994,0,1
42,1.4955,17,0.6053,13,87,3.0979,3,14
58,1.8862,11,0.3577,19,81,2.6341,0,3
41,1.3333,17,0.5528,18,95,3.0894,1,7
64,1.8321,17,0.4866,26,93,2.6622,0,6
57,1.6317,20,0.5725,24,111,3.1775,2,19
57,1.7962,10,0.3151,14,79,2.4895,0,2
58,1.8277,8,0.2521,21,85,2.6786,3,19
67,1.8182,9,0.2442,24,92,2.4966,0,9
50,1.3569,17,0.4613,17,93,2.5237,0,4
68,2.0029,9,0.2651,25,89,2.6215,1,10
51,1.5022,13,0.3829,15,98,2.8866,1,2
60,1.8063,7,0.2107,23,74,2.2278,4,5
49,1.4752,14,0.4215,16,93,2.7998,1,12
68,1.8478,21,0.5707,26,103,2.7989,0,5
71,1.9293,20,0.5435,22,123,3.3424,0,17
48,1.6171,13,0.438,20,72,2.4256,3,6
62,2.0887,19,0.6401,23,96,3.2341,4,7
64,1.7494,24,0.656,21,115,3.1435,3,4
63,1.7221,15,0.41,14,108,2.9522,0,12
52,1.5072,14,0.4058,18,82,2.3768,1,6
60,1.7391,18,0.5217,18,101,2.9275,0,5
66,1.7734,13,0.3493,21,112,3.0094,2,9
63,1.6928,16,0.4299,21,112,3.0094,1,5
39,1.5538,8,0.3187,12,61,2.4303,0,1
42,1.6733,5,0.1992,13,60,2.3904,4,11
51,1.4213,9,0.2508,18,90,2.5081,1,9
53,1.477,10,0.2787,21,86,2.3967,2,5
53,1.6249,21,0.6438,20,99,3.0353,1,10
76,2.3301,2,0.0613,21,83,2.5447,0,0
63,1.7452,8,0.2216,18,90,2.4931,0,5
60,1.662,15,0.4155,20,107,2.964,2,12
72,1.6822,21,0.4907,24,121,2.8271,0,3
81,1.8925,15,0.3505,25,120,2.8037,0,9
28,1.1586,7,0.2897,9,57,2.3586,4,7
38,1.5724,9,0.3724,14,64,2.6483,1,8
27,0.9111,12,0.4049,11,63,2.126,0,1
67,2.261,9,0.3037,18,99,3.3408,0,10
40,1.5424,14,0.5398,12,82,3.162,5,9
43,1.6581,7,0.2699,16,64,2.4679,3,4
80,1.8692,25,0.5841,26,141,3.2944,3,13
130,3.0374,15,0.3505,35,149,3.4813,1,6
94,2.0464,12,0.2612,31,127,2.7649,2,14
81,1.7634,30,0.6531,28,157,3.418,2,4
82,1.9783,25,0.6031,28,115,2.7744,1,4
61,1.4717,8,0.193,21,86,2.0748,2,12
49,1.5996,8,0.2612,17,76,2.481,1,10
43,1.4037,12,0.3917,11,89,2.9053,0,2
44,1.6837,6,0.2296,13,69,2.6403,2,7
41,1.5689,13,0.4974,9,73,2.7934,0,2
67,1.882,15,0.4213,26,88,2.4719,1,5
65,1.8258,24,0.6742,19,130,3.6517,2,9
62,1.9225,10,0.3101,21,90,2.7907,1,3
59,1.8295,21,0.6512,17,102,3.1628,2,4
55,1.628,15,0.444,20,95,2.812,1,4
61,1.8056,6,0.1776,25,85,2.516,1,1
59,1.5292,10,0.2592,21,98,2.54,2,9
66,1.7106,12,0.311,20,100,2.5918,0,5
58,1.6469,28,0.7951,16,123,3.4927,3,13
59,1.6753,14,0.3975,20,89,2.5272,0,0
70,1.9391,15,0.4155,21,106,2.9363,2,6
57,1.5789,6,0.1662,16,87,2.41,1,12
92,1.912,16,0.3325,28,155,3.2213,1,11
123,2.5563,13,0.2702,35,153,3.1798,1,16
51,1.4482,1,0.0284,15,76,2.1581,1,13
52,1.4766,3,0.0852,13,86,2.442,2,8
55,1.4127,4,0.1027,18,77,1.9777,0,11
72,1.8493,19,0.488,26,124,3.1849,1,2
76,1.9487,6,0.1538,24,95,2.4359,0,11
52,1.3333,8,0.2051,18,83,2.1282,2,9
66,1.6865,17,0.4344,21,106,2.7087,4,8
66,1.6865,10,0.2555,24,94,2.402,1,3
63,1.6357,10,0.2596,19,91,2.3626,0,9
62,1.6097,2,0.0519,18,83,2.1549,2,6
59,1.574,6,0.1601,18,75,2.0009,0,7
59,1.574,7,0.1867,19,90,2.4011,0,13
39,1.3962,19,0.6802,12,64,2.2912,6,7
75,2.685,15,0.537,15,111,3.9737,7,14
42,1.4626,10,0.3482,14,71,2.4724,2,9
52,1.8108,17,0.592,18,95,3.3082,4,6
73,1.9185,7,0.184,21,94,2.4704,0,4
69,1.8134,18,0.4731,19,113,2.9698,1,11
94,2.7553,22,0.6448,20,135,3.957,2,6
52,1.5242,22,0.6448,14,88,2.5794,2,7
49,1.4272,11,0.3204,19,80,2.3301,1,2
58,1.6893,10,0.2913,22,90,2.6214,1,8
53,1.7069,14,0.4509,12,83,2.6731,1,3
50,1.6103,6,0.1932,13,87,2.8019,6,14
59,1.7753,14,0.4213,19,94,2.8285,1,1
52,1.5647,21,0.6319,13,105,3.1595,0,9
44,1.5913,11,0.3978,17,66,2.387,2,11
45,1.6275,6,0.217,12,62,2.2423,1,3
55,1.89,9,0.3093,17,73,2.5086,3,5
53,1.8213,10,0.3436,18,84,2.8866,5,15
52,1.9586,9,0.339,16,77,2.9002,0,7
42,1.5819,14,0.5273,14,83,3.1262,2,5
41,1.1593,8,0.2262,13,64,1.8096,2,6
56,1.5834,12,0.3393,15,90,2.5448,1,5
41,1.2799,6,0.1873,13,61,1.9043,1,2
49,1.5297,8,0.2497,16,77,2.4037,4,11
66,1.7113,11,0.2852,21,111,2.8781,1,14
95,2.4633,15,0.3889,22,135,3.5004,0,9
41,1.4437,3,0.1056,16,52,1.831,0,1
28,0.9859,10,0.3521,7,59,2.0775,0,14
43,1.3272,10,0.3086,11,86,2.6543,3,8
46,1.4198,6,0.1852,12,83,2.5617,3,11
42,1.6689,12,0.4768,14,81,3.2185,0,1
39,1.5497,7,0.2781,12,58,2.3046,1,10
79,1.9167,29,0.7036,26,145,3.518,2,3
92,2.2321,18,0.4367,28,110,2.6688,0,7
79,1.6418,16,0.3325,25,142,2.9512,0,2
98,2.0367,35,0.7274,35,173,3.5954,2,11
44,1.5818,11,0.3954,13,73,2.6243,3,8
51,1.8334,9,0.3235,18,69,2.4805,2,2
73,2.2718,21,0.6535,23,107,3.3299,0,0
50,1.556,14,0.4357,14,86,2.6763,2,8
75,1.9011,26,0.6591,26,141,3.5741,0,12
86,2.18,22,0.5577,30,126,3.1939,0,6
48,1.8056,9,0.3386,18,60,2.2571,1,3
41,1.5423,7,0.2633,12,59,2.2194,1,7
40,1.3945,6,0.2092,9,70,2.4404,0,4
15,0.523,0,0,7,19,0.6624,0,1
72,1.8469,17,0.4361,23,100,2.5652,2,11
73,1.8726,18,0.4617,20,119,3.0526,0,2
73,2.2753,12,0.374,17,107,3.3351,0,6
53,1.6519,19,0.5922,14,102,3.1792,3,10
101,2.1543,15,0.3199,35,138,2.9435,2,3
93,1.9836,19,0.4053,38,131,2.7942,2,7
39,1.2738,9,0.294,10,75,2.4496,1,14
45,1.4698,7,0.2286,14,73,2.3843,1,4
84,2.1132,7,0.1761,31,103,2.5912,4,13
111,2.7925,14,0.3522,33,141,3.5472,3,5
54,1.7686,11,0.3603,18,80,2.6201,0,1
51,1.6703,8,0.262,15,85,2.7838,0,5
54,2.0598,8,0.3051,16,78,2.9752,0,2
46,1.7546,12,0.4577,10,74,2.8226,3,10
94,2.2983,28,0.6846,33,145,3.5452,3,11
86,2.1027,24,0.5868,27,139,3.3985,0,6
85,1.9578,19,0.4376,26,119,2.7409,0,2
96,2.2111,36,0.8292,30,167,3.8464,0,8
92,2.1546,38,0.8899,28,170,3.9813,1,2
86,2.0141,8,0.1874,28,119,2.7869,0,3
65,1.7264,18,0.4781,19,110,2.9216,1,6
64,1.6999,8,0.2125,13,102,2.7092,1,7
55,1.4647,12,0.3196,19,90,2.3968,0,7
84,2.237,18,0.4794,25,120,3.1957,4,12
83,1.7616,24,0.5094,29,141,2.9926,3,9
89,1.8889,18,0.382,26,141,2.9926,0,7
120,2.1648,13,0.2345,22,163,2.9405,1,9
113,2.0385,16,0.2886,43,150,2.706,1,8
56,1.8615,10,0.3324,18,88,2.9252,1,16
54,1.795,9,0.2992,16,69,2.2936,0,2
56,1.6552,3,0.0887,14,76,2.2463,1,9
73,2.1576,12,0.3547,22,101,2.9852,3,17
55,1.5442,17,0.4773,19,111,3.1165,0,8
65,1.825,10,0.2808,21,93,2.6111,2,5
36,1.4324,9,0.3581,11,60,2.3873,2,6
40,1.5915,7,0.2785,14,76,3.0239,2,10
56,1.7204,8,0.2458,20,60,1.8433,0,3
45,1.3825,4,0.1229,12,71,2.1813,1,14
35,1.3953,8,0.3189,11,60,2.392,4,6
33,1.3156,11,0.4385,13,64,2.5515,0,0
84,1.7891,14,0.2982,31,139,2.9606,0,8
102,2.1725,11,0.2343,34,122,2.5985,1,9
41,1.3805,15,0.5051,12,72,2.4242,0,10
48,1.6162,12,0.404,14,73,2.4579,2,4
69,1.4903,8,0.1728,17,116,2.5054,0,13
85,1.8359,16,0.3456,18,141,3.0454,2,9
59,1.7997,18,0.5491,18,103,3.1418,0,6
16,0.4881,6,0.183,8,28,0.8541,0,0
88,2.2788,9,0.2331,25,107,2.7708,1,7
70,1.8127,15,0.3884,22,111,2.8744,2,3
41,1.2886,13,0.4086,19,90,2.8287,1,5
51,1.6029,5,0.1572,17,78,2.4515,3,10
60,1.9038,14,0.4442,15,97,3.0777,2,10
53,1.6816,6,0.1904,23,63,1.9989,0,2
47,1.5869,14,0.4727,12,75,2.5324,0,5
51,1.722,3,0.1013,16,63,2.1272,0,11
52,1.6456,8,0.2532,20,74,2.3418,2,6
60,1.8987,1,0.0316,17,65,2.057,1,16
78,2.0313,14,0.3646,35,87,2.2656,1,9
60,1.5625,22,0.5729,20,119,3.099,1,11
81,2.0025,17,0.4203,19,123,3.0408,2,7
69,1.7058,11,0.2719,25,114,2.8183,4,12
61,1.6828,18,0.4966,16,123,3.3931,1,11
58,1.6,14,0.3862,16,90,2.4828,2,5
45,1.2754,28,0.7936,14,116,3.2877,0,15
45,1.2754,9,0.2551,19,73,2.069,1,5
72,1.6809,25,0.5837,20,143,3.3385,0,9
85,1.9844,20,0.4669,27,129,3.0117,0,5
75,1.8511,25,0.617,22,130,3.2086,0,13
69,1.703,11,0.2715,24,94,2.32,1,7
75,1.6387,2,0.0437,25,100,2.185,0,19
78,1.7043,8,0.1748,26,117,2.5564,0,6
52,1.7021,11,0.3601,16,67,2.1931,0,10
42,1.3748,3,0.0982,17,64,2.0949,1,3
42,1.3808,10,0.3288,12,79,2.5973,0,6
42,1.3808,1,0.0329,11,48,1.5781,4,15
78,2.0884,18,0.4819,22,129,3.4538,1,3
77,2.0616,9,0.241,21,106,2.838,0,9
48,1.618,9,0.3034,18,79,2.6629,4,9
48,1.618,4,0.1348,7,61,2.0562,0,0
44,1.5932,14,0.5069,11,77,2.7882,1,2
48,1.7381,11,0.3983,18,83,3.0054,1,12
74,1.6604,16,0.359,22,135,3.0292,0,6
81,1.8175,9,0.2019,23,104,2.3336,0,13
77,1.9226,21,0.5243,26,121,3.0212,4,15
80,1.9975,7,0.1748,25,101,2.5218,0,0
71,1.8959,13,0.3471,20,95,2.5367,3,17
71,1.8959,23,0.6142,21,128,3.4179,1,4
50,1.6225,16,0.5192,13,76,2.4662,0,11
51,1.6549,13,0.4218,14,95,3.0827,3,9
60,1.7656,26,0.7651,24,138,4.0608,2,11
73,2.1481,12,0.3531,22,90,2.6484,0,3
46,1.5098,9,0.2954,14,82,2.6915,0,8
49,1.6083,16,0.5252,17,88,2.8884,0,3
42,1.44,5,0.1714,12,63,2.16,2,2
41,1.4057,12,0.4114,13,81,2.7771,1,13
40,1.4159,6,0.2124,13,53,1.8761,0,3
48,1.6991,10,0.354,15,86,3.0442,0,4
61,1.7656,6,0.1737,21,85,2.4602,1,3
64,1.8524,11,0.3184,21,90,2.6049,4,11
80,1.8209,7,0.1593,27,117,2.6631,0,9
87,1.9803,15,0.3414,28,122,2.7769,2,10
81,2.2605,13,0.3628,21,106,2.9581,0,6
73,2.0372,26,0.7256,19,131,3.6558,1,4
58,1.6803,17,0.4925,16,106,3.071,0,5
68,1.9701,11,0.3187,18,96,2.7813,0,1
87,1.8603,14,0.2994,22,146,3.1219,0,8
96,2.0527,31,0.6629,29,150,3.2074,0,4
73,2.2404,12,0.3683,17,91,2.7928,2,13
55,1.688,5,0.1535,17,75,2.3018,3,19
28,1.2718,5,0.2271,8,44,1.9985,4,5
29,1.3172,10,0.4542,10,56,2.5435,7,15
37,1.4077,5,0.1902,13,69,2.6252,1,9
40,1.5219,11,0.4185,11,70,2.6633,1,2
51,1.5913,4,0.1248,14,74,2.3089,2,5
44,1.3729,9,0.2808,13,85,2.6521,6,22
62,1.9365,11,0.3436,18,96,2.9984,2,15
55,1.7179,18,0.5622,20,85,2.6549,0,2
104,2.429,27,0.6306,33,143,3.3398,0,3
75,1.7517,16,0.3737,22,120,2.8026,1,7
48,1.6253,11,0.3725,14,75,2.5395,0,7
43,1.456,14,0.474,17,74,2.5056,0,2
84,1.8646,26,0.5771,21,147,3.263,0,8
84,1.8646,25,0.5549,27,149,3.3074,0,7
86,1.9097,14,0.3109,15,127,2.8201,1,8
83,1.8431,22,0.4885,26,148,3.2865,1,4
57,1.6293,15,0.4288,16,85,2.4297,0,0
50,1.4293,13,0.3716,13,91,2.6012,0,5
74,2.4804,14,0.4693,15,113,3.7877,3,7
37,1.2402,3,0.1006,10,52,1.743,2,5
86,2.1672,16,0.4032,27,109,2.7467,3,11
60,1.512,9,0.2268,13,107,2.6963,1,4
82,2.0725,15,0.3791,28,112,2.8307,0,0
84,2.123,14,0.3538,25,127,3.2098,0,7
81,1.978,7,0.1709,25,102,2.4908,0,14
81,1.978,22,0.5372,29,126,3.0769,2,13
43,1.4494,6,0.2022,13,65,2.191,5,14
49,1.6517,11,0.3708,16,78,2.6292,1,1
51,1.5,14,0.4118,16,74,2.1765,1,3
55,1.6176,16,0.4706,16,93,2.7353,2,14
39,1.3987,4,0.1435,11,62,2.2236,0,0
51,1.829,12,0.4304,16,81,2.905,3,12
45,1.4958,9,0.2992,12,73,2.4266,3,17
52,1.7285,8,0.2659,18,68,2.2604,5,5
95,2.0533,19,0.4107,17,163,3.5231,0,10
92,1.9885,15,0.3242,31,142,3.0692,0,7
61,1.972,13,0.4203,19,85,2.7478,2,3
47,1.5194,17,0.5496,12,88,2.8448,1,11
55,1.624,18,0.5315,19,96,2.8346,0,6
61,1.8012,8,0.2362,23,72,2.126,1,5
49,1.7024,14,0.4864,16,79,2.7446,1,13
50,1.7371,16,0.5559,18,86,2.9878,1,4
77,2.0192,8,0.2098,20,101,2.6486,1,10
60,1.5734,22,0.5769,16,131,3.4353,4,7
57,1.5553,21,0.573,17,111,3.0286,0,5
74,2.0191,13,0.3547,22,115,3.1378,1,8
39,1.4971,4,0.1536,12,63,2.4184,3,9
36,1.382,7,0.2687,14,54,2.0729,1,2
33,1.3904,4,0.1685,9,55,2.3174,2,8
25,1.0534,3,0.1264,6,40,1.6854,1,1
57,1.6356,23,0.66,19,99,2.8407,0,0
84,2.4103,19,0.5452,18,130,3.7303,1,10
58,1.6548,24,0.6847,19,101,2.8816,4,4
98,2.796,19,0.5421,19,151,4.3081,5,6
45,1.4041,7,0.2184,12,59,1.8409,0,2
49,1.5289,16,0.4992,13,97,3.0265,2,8
57,1.6922,15,0.4453,15,90,2.6719,3,4
61,1.811,9,0.2672,18,85,2.5235,3,16
57,1.874,8,0.263,21,79,2.5973,2,4
64,2.1041,8,0.263,21,84,2.7616,2,10
42,1.5789,12,0.4511,14,62,2.3308,3,4
43,1.6165,10,0.3759,13,76,2.8571,3,8
42,1.4384,7,0.2397,16,48,1.6438,3,6
47,1.6096,10,0.3425,13,81,2.774,0,11
48,1.5008,10,0.3127,19,82,2.5638,2,7
59,1.8447,10,0.3127,17,88,2.7514,2,12
51,1.8423,11,0.3974,15,77,2.7815,3,5
45,1.6255,8,0.289,14,72,2.6008,1,7
77,1.8495,21,0.5044,18,146,3.5068,1,8
77,1.8495,12,0.2882,24,108,2.5941,1,7
81,2.0377,32,0.805,22,149,3.7484,4,13
81,2.0377,7,0.1761,24,107,2.6918,1,2
67,1.917,24,0.6867,24,125,3.5765,0,5
62,1.774,5,0.1431,16,82,2.3462,1,4
54,1.8441,8,0.2732,16,78,2.6636,1,9
51,1.7416,22,0.7513,19,94,3.21,3,4
67,1.8864,8,0.2252,23,89,2.5059,2,7
64,1.802,11,0.3097,21,93,2.6185,4,8
52,1.8076,9,0.3129,13,77,2.6767,1,10
37,1.2862,11,0.3824,10,79,2.7462,1,1
36,1.3864,7,0.2696,10,57,2.1951,0,1
41,1.5789,2,0.077,12,60,2.3107,3,15
66,2.0582,8,0.2495,22,83,2.5884,1,3
55,1.7152,11,0.343,18,95,2.9626,1,13
66,1.8384,11,0.3064,22,107,2.9805,2,3
68,1.8942,11,0.3064,21,102,2.8412,1,12
39,1.328,5,0.1703,13,55,1.8729,0,4
45,1.5323,21,0.7151,15,93,3.1669,2,21
79,1.9379,14,0.3434,25,128,3.1398,3,11
84,2.0605,21,0.5151,23,135,3.3115,1,7
88,2.1128,20,0.4802,27,129,3.0972,2,12
82,1.9688,15,0.3601,21,129,3.0972,4,11
42,1.4815,13,0.4586,15,75,2.6455,1,12
52,1.8342,9,0.3175,20,81,2.8571,2,9
86,1.7985,14,0.2928,12,148,3.0952,1,10
85,1.7776,5,0.1046,28,114,2.3841,0,7
53,1.5362,3,0.087,18,81,2.3478,1,4
55,1.5942,10,0.2899,20,84,2.4348,0,6
64,1.8173,14,0.3975,17,97,2.7544,0,1
63,1.7889,14,0.3975,23,114,3.2371,2,9
62,1.6886,17,0.463,22,116,3.1593,1,6
76,2.0699,23,0.6264,22,121,3.2955,1,11
57,1.7229,20,0.6045,19,108,3.2645,2,12
63,1.9043,16,0.4836,21,93,2.8111,0,4
89,2.032,27,0.6164,28,161,3.6758,0,7
98,2.2374,29,0.6621,34,140,3.1963,4,12
85,2.0515,16,0.3862,29,132,3.1858,0,8
88,2.1239,14,0.3379,25,133,3.21,2,10
71,1.8394,23,0.5959,23,143,3.7047,2,11
80,2.0725,7,0.1813,25,98,2.5389,1,8
48,1.5593,6,0.1949,17,62,2.0141,2,4
40,1.2994,22,0.7147,17,90,2.9237,4,17
44,1.4675,12,0.4002,13,83,2.7682,0,2
44,1.4675,6,0.2001,11,58,1.9344,0,7
80,2.2803,13,0.3705,27,91,2.5938,3,9
60,1.7102,24,0.6841,20,111,3.1639,2,7
51,1.4912,6,0.1754,17,79,2.3099,0,13
62,1.8129,12,0.3509,23,89,2.6023,1,14
62,1.8425,10,0.2972,19,93,2.7637,0,3
54,1.6048,18,0.5349,24,99,2.9421,1,12
64,2.0513,12,0.3846,24,86,2.7564,1,1
53,1.6987,19,0.609,18,105,3.3654,0,2
71,1.7054,22,0.5284,25,122,2.9303,2,4
84,2.0176,11,0.2642,31,116,2.7862,2,9
62,1.7096,14,0.386,18,108,2.9779,0,12
60,1.6544,11,0.3033,19,102,2.8125,1,3
75,1.7724,10,0.2363,24,99,2.3395,3,11
83,1.9614,8,0.1891,26,108,2.5522,2,5
39,1.2207,13,0.4069,13,61,1.9092,1,1
49,1.5336,4,0.1252,13,67,2.097,2,12
56,1.6927,15,0.4534,18,89,2.6902,0,13
59,1.7834,15,0.4534,22,87,2.6297,0,5
48,1.6773,18,0.629,16,98,3.4246,3,13
50,1.7472,9,0.3145,11,65,2.2714,1,3
51,1.6416,13,0.4185,18,77,2.4785,0,7
57,1.8348,20,0.6438,17,115,3.7017,2,9
59,1.6246,20,0.5507,21,108,2.9738,4,5
68,1.8724,15,0.413,22,96,2.6434,2,10
60,1.9355,18,0.5806,17,111,3.5806,2,11
56,1.8065,16,0.5161,18,98,3.1613,1,4
51,1.6934,10,0.332,16,72,2.3907,0,3
55,1.8262,7,0.2324,19,81,2.6895,6,13
69,1.654,15,0.3596,17,123,2.9485,0,13
83,1.9896,14,0.3356,29,112,2.6848,1,5
42,1.2408,3,0.0886,12,53,1.5657,0,0
84,2.4815,18,0.5318,14,135,3.9882,3,11
59,1.9977,16,0.5418,24,80,2.7088,2,3
48,1.6253,12,0.4063,12,74,2.5056,4,15
59,1.7118,19,0.5513,21,106,3.0754,0,8
57,1.6538,13,0.3772,18,78,2.2631,1,7
41,1.4073,2,0.0686,18,52,1.7849,0,1
52,1.7849,7,0.2403,16,77,2.643,1,8
75,1.7415,20,0.4644,25,120,2.7864,0,11
100,2.322,15,0.3483,32,139,3.2276,1,7
27,1.4148,5,0.262,7,43,2.2533,8,16
9,0.4716,3,0.1572,4,23,1.2052,0,0
17,0.8543,5,0.2513,7,34,1.7085,2,3
20,1.005,4,0.201,6,37,1.8593,1,6
47,1.3796,13,0.3816,17,75,2.2016,0,0
53,1.5558,12,0.3523,17,103,3.0235,0,5
84,2.0504,33,0.8055,30,150,3.6615,2,14
80,1.9528,14,0.3417,24,113,2.7583,2,5
56,1.7997,8,0.2571,16,88,2.8281,0,0
43,1.3819,15,0.4821,15,80,2.571,1,3
66,1.7726,11,0.2954,18,99,2.6589,1,13
58,1.5577,10,0.2686,18,89,2.3903,0,3
57,1.6906,8,0.2373,18,95,2.8176,2,5
56,1.6609,7,0.2076,16,78,2.3134,1,7
32,1.2363,2,0.0773,6,39,1.5068,0,1
44,1.6999,6,0.2318,15,69,2.6658,5,15
39,1.5224,8,0.3123,14,57,2.2251,2,2
39,1.5224,13,0.5075,12,70,2.7326,2,8
36,1.3227,8,0.2939,15,48,1.7636,0,0
63,2.3148,20,0.7348,14,105,3.8579,0,14
56,1.8523,23,0.7607,16,114,3.7707,0,7
53,1.753,14,0.4631,18,76,2.5138,0,1
47,1.5572,15,0.497,14,78,2.5842,0,8
53,1.7559,7,0.2319,19,65,2.1535,0,0
75,2.0548,17,0.4658,22,117,3.2055,3,20
72,1.9726,19,0.5205,24,110,3.0137,1,6
83,2.0203,17,0.4138,27,123,2.9939,0,6
81,1.9716,17,0.4138,24,138,3.359,0,16
19,0.8817,6,0.2784,6,45,2.0882,0,1
30,1.3921,6,0.2784,9,55,2.5522,7,12
37,1.4859,9,0.3614,11,60,2.4096,3,12
31,1.245,12,0.4819,11,64,2.5703,3,6
63,1.9698,9,0.2814,20,92,2.8765,0,7
62,1.9385,8,0.2501,15,77,2.4075,2,7
48,2.2767,6,0.2846,8,61,2.8933,1,7
22,1.0435,9,0.4269,10,37,1.7549,0,1
45,1.6344,12,0.4358,17,78,2.8329,4,14
48,1.7433,10,0.3632,20,71,2.5787,2,5
84,1.9407,23,0.5314,24,132,3.0497,3,10
85,1.9638,12,0.2772,28,125,2.8879,1,6
36,1.3067,4,0.1452,10,52,1.8875,0,6
40,1.4519,14,0.5082,13,84,3.049,0,10
80,2.0059,27,0.677,26,133,3.3347,0,12
96,2.407,27,0.677,21,141,3.5353,0,5
46,1.6788,8,0.292,19,65,2.3723,0,0
49,1.7883,10,0.365,20,79,2.8832,2,6
47,1.4703,23,0.7195,13,99,3.097,0,14
51,1.5954,12,0.3754,13,73,2.2836,1,3
69,1.9771,22,0.6304,20,112,3.2092,3,8
68,1.9484,13,0.3725,26,106,3.0372,0,17
45,1.5306,9,0.3061,18,70,2.381,0,9
44,1.4966,14,0.4762,15,78,2.6531,1,2
47,1.5401,12,0.3932,21,85,2.7854,4,7
52,1.704,7,0.2294,18,75,2.4577,4,12
81,1.9448,22,0.5282,24,117,2.8091,2,6
71,1.7047,23,0.5522,25,116,2.7851,1,1
87,2.1805,18,0.4511,26,142,3.5589,0,10
90,2.2556,20,0.5013,30,125,3.1328,1,5
68,2.087,11,0.3376,21,97,2.977,2,6
54,1.6573,13,0.399,18,84,2.578,4,18
42,1.5604,15,0.5573,15,79,2.935,1,11
50,1.8576,14,0.5201,18,81,3.0093,2,4
64,1.7089,20,0.534,19,106,2.8304,0,4
71,1.8959,15,0.4005,17,115,3.0708,2,13
82,2.0356,18,0.4468,27,126,3.1278,1,7
70,1.7377,16,0.3972,19,119,2.9541,5,10
62,1.763,17,0.4834,17,114,3.2417,1,6
57,1.6209,27,0.7678,17,120,3.4123,0,2
49,1.6031,19,0.6216,19,91,2.9771,3,14
50,1.6358,6,0.1963,16,78,2.5518,3,6
68,1.6986,29,0.7244,21,145,3.622,2,14
72,1.7985,18,0.4496,24,119,2.9725,1,6
47,1.7882,5,0.1902,14,55,2.0926,0,6
43,1.636,14,0.5327,15,82,3.1198,0,1
23,1.1349,6,0.2961,9,46,2.2697,3,3
27,1.3322,11,0.5428,10,53,2.6151,5,12
60,1.877,25,0.7821,18,118,3.6913,3,6
61,1.9082,10,0.3128,19,82,2.5652,4,11
72,1.8783,22,0.5739,18,136,3.5478,0,4
71,1.8522,25,0.6522,26,134,3.4957,1,6
72,1.9226,21,0.5607,23,118,3.1509,1,4
71,1.8959,16,0.4272,23,120,3.2043,1,10
57,1.6132,10,0.283,14,111,3.1415,2,4
51,1.4434,7,0.1981,14,78,2.2075,1,12
56,1.6944,10,0.3026,22,92,2.7837,1,9
63,1.9062,11,0.3328,22,95,2.8744,3,6
62,1.8182,15,0.4399,22,89,2.61,4,8
52,1.5249,10,0.2933,17,78,2.2874,0,13
38,1.2604,14,0.4643,13,78,2.5871,1,5
51,1.6915,10,0.3317,15,73,2.4212,2,9
59,1.6558,9,0.2526,20,95,2.666,0,12
66,1.8522,11,0.3087,23,98,2.7502,3,13
81,2.1629,14,0.3738,29,106,2.8304,1,3
76,2.0294,11,0.2937,22,86,2.2964,0,2
33,1.1821,7,0.2507,10,60,2.1493,1,4
65,2.3284,8,0.2866,17,92,3.2955,4,12
78,2.0526,19,0.5,19,120,3.1579,0,7
61,1.6053,14,0.3684,24,87,2.2895,0,1
64,1.6509,16,0.4127,21,115,2.9665,4,19
75,1.9347,6,0.1548,22,87,2.2442,5,7
59,1.8573,11,0.3463,18,82,2.5813,2,12
58,1.8258,8,0.2518,16,85,2.6758,0,2
90,1.9258,14,0.2996,32,138,2.9529,3,14
93,1.99,16,0.3424,26,146,3.1241,3,12
77,1.848,8,0.192,25,98,2.352,5,14
12,0.288,4,0.096,12,30,0.72,0,8
62,1.8922,7,0.2136,19,78,2.3805,0,3
10,0.3052,10,0.3052,8,42,1.2818,0,9
63,1.8069,14,0.4015,16,84,2.4092,1,2
97,2.782,23,0.6597,19,155,4.4455,0,10
56,1.573,14,0.3933,20,87,2.4438,0,0
73,2.0506,14,0.3933,22,110,3.0899,0,2
80,1.9277,21,0.506,21,140,3.3735,1,13
97,2.3373,19,0.4578,28,139,3.3494,3,13
72,1.9636,17,0.4636,22,113,3.0818,0,9
64,1.7455,19,0.5182,19,111,3.0273,1,4
59,1.7789,26,0.7839,20,104,3.1357,0,1
62,1.8693,9,0.2714,18,86,2.593,1,10
21,0.5505,9,0.2359,7,56,1.4679,1,7
83,2.1756,11,0.2883,23,110,2.8834,0,0
36,0.7747,9,0.1937,20,55,1.1836,2,8
126,2.7116,25,0.538,29,188,4.0459,0,8
31,1.3071,4,0.1687,10,47,1.9817,1,7
9,0.3795,2,0.0843,4,11,0.4638,1,1
54,1.7657,11,0.3597,17,68,2.2234,0,3
7,0.2289,4,0.1308,8,29,0.9482,2,8
79,1.9442,24,0.5906,23,137,3.3716,1,7
77,1.895,19,0.4676,20,115,2.8302,0,3
127,3.1724,25,0.6245,22,163,4.0716,0,5
80,1.9983,26,0.6495,28,133,3.3222,1,8
56,1.7537,19,0.595,16,107,3.3507,0,13
70,2.1921,14,0.4384,19,100,3.1315,0,1
66,2.1533,11,0.3589,19,85,2.7732,0,9
39,1.2724,14,0.4568,11,95,3.0995,2,4
86,1.9398,15,0.3383,23,134,3.0226,2,10
96,2.1654,19,0.4286,33,128,2.8872,2,13
52,1.856,20,0.7139,18,101,3.605,1,13
46,1.6419,6,0.2142,15,72,2.5699,0,5
42,1.5319,12,0.4377,14,65,2.3708,2,3
63,2.2979,13,0.4742,13,101,3.6839,2,11
53,1.7657,14,0.4664,15,87,2.8984,2,6
45,1.4992,1,0.0333,12,54,1.799,2,7
48,1.4701,7,0.2144,13,80,2.4502,0,8
54,1.6539,8,0.245,15,87,2.6646,2,2
4,0.1354,5,0.1693,4,21,0.7111,2,9
62,2.0993,8,0.2709,14,75,2.5395,2,2
68,1.903,31,0.8675,18,103,2.8825,1,2
10,0.2799,3,0.084,7,23,0.6437,0,7
63,1.8138,18,0.5182,18,107,3.0806,0,6
52,1.4971,10,0.2879,14,70,2.0154,2,8
97,2.1389,26,0.5733,29,136,2.9989,0,5
101,2.2271,32,0.7056,32,161,3.5502,1,12
56,1.6859,9,0.2709,18,81,2.4385,2,2
58,1.7461,21,0.6322,19,119,3.5825,2,9
38,1.4286,17,0.6391,12,63,2.3684,1,14
47,1.7669,12,0.4511,16,73,2.7444,2,4
38,1.5811,11,0.4577,11,65,2.7046,0,0
12,0.4993,2,0.0832,4,18,0.749,2,4
40,1.3881,6,0.2082,14,61,2.1168,2,2
13,0.4511,2,0.0694,5,19,0.6593,3,12
57,1.7195,8,0.2413,19,75,2.2624,4,11
9,0.2715,1,0.0302,10,15,0.4525,2,8
56,1.6944,27,0.8169,17,121,3.6611,0,1
65,1.9667,10,0.3026,19,88,2.6626,0,2
38,1.434,14,0.5283,15,65,2.4528,2,2
32,1.2075,3,0.1132,7,51,1.9245,0,14
48,1.7465,13,0.473,19,71,2.5834,3,3
65,2.3651,16,0.5822,15,94,3.4203,1,11
66,2.0897,19,0.6016,20,97,3.0712,3,7
88,2.7863,36,1.1398,16,168,5.3193,1,2
88,2.7687,16,0.5034,22,130,4.0902,1,8
57,1.7934,16,0.5034,22,94,2.9575,4,12
83,2.2094,23,0.6122,25,130,3.4605,0,11
89,2.3691,27,0.7187,28,141,3.7533,0,7
17,0.4306,10,0.2533,17,35,0.8864,0,7
78,1.9755,10,0.2533,21,101,2.558,0,9
40,1.4467,6,0.217,13,49,1.7722,0,0
39,1.4105,14,0.5063,11,84,3.038,2,15
8,0.2646,4,0.1323,4,20,0.6615,2,8
50,1.6538,11,0.3638,14,79,2.613,2,6
71,2.0247,30,0.8555,22,118,3.365,0,5
93,2.6521,11,0.3137,22,124,3.5361,0,5
61,1.7412,14,0.3996,19,91,2.5975,3,13
64,1.8268,10,0.2854,18,90,2.569,2,6
70,2.1773,12,0.3733,24,95,2.9549,1,2
61,1.8974,31,0.9642,19,116,3.6081,4,11
42,1.5489,7,0.2581,14,64,2.3602,3,8
9,0.3319,4,0.1475,9,23,0.8482,5,8
69,1.6593,10,0.2405,22,106,2.5491,0,3
65,1.5631,18,0.4329,20,114,2.7415,1,11
50,1.5839,15,0.4752,15,73,2.3126,5,6
54,1.7107,9,0.2851,16,85,2.6927,4,13
63,2.2567,4,0.1433,15,86,3.0806,1,6
12,0.4299,4,0.1433,7,27,0.9672,3,6
57,1.823,15,0.4797,20,87,2.7825,1,2
20,0.6397,3,0.0959,8,33,1.0554,2,8
82,2.1107,10,0.2574,22,116,2.9858,1,4
28,0.7207,12,0.3089,12,58,1.4929,0,12
74,1.7824,16,0.3854,20,124,2.9868,0,12
76,1.8306,6,0.1445,22,98,2.3605,0,4
51,1.5439,5,0.1514,16,72,2.1796,1,8
62,1.8769,15,0.4541,19,100,3.0272,0,4
56,1.8919,8,0.2703,18,85,2.8716,1,2
53,1.7905,4,0.1351,16,72,2.4324,1,9
53,1.5543,13,0.3812,16,88,2.5806,3,9
59,1.7302,10,0.2933,17,65,1.9062,0,4
17,0.6119,1,0.036,14,19,0.6839,2,4
64,2.3035,8,0.2879,17,84,3.0234,2,11
70,2.4793,13,0.4604,13,100,3.5419,0,4
48,1.7001,11,0.3896,17,73,2.5856,0,8
60,1.61,3,0.0805,17,79,2.1199,2,16
71,1.9052,13,0.3488,20,103,2.7639,3,7
17,0.4359,6,0.1538,10,38,0.9744,0,11
63,1.6154,10,0.2564,18,111,2.8462,3,7
20,0.6685,2,0.0669,10,31,1.0362,1,8
45,1.5042,14,0.468,20,81,2.7075,1,2
65,1.9737,12,0.3644,23,81,2.4595,3,14
51,1.5486,11,0.334,16,97,2.9453,1,1
38,1.4569,8,0.3067,9,68,2.607,1,5
38,1.4569,13,0.4984,13,76,2.9137,1,11
59,1.9777,12,0.4022,13,95,3.1844,3,9
57,1.9106,19,0.6369,12,92,3.0838,1,2
63,1.9657,15,0.468,14,94,2.9329,1,8
55,1.7161,27,0.8424,16,103,3.2137,1,2
50,1.6155,8,0.2585,15,82,2.6494,1,7
49,1.5832,4,0.1292,11,70,2.2617,1,2
36,1.3585,2,0.0755,10,58,2.1887,0,14
36,1.3585,16,0.6038,11,70,2.6415,0,4
79,2.5456,12,0.3867,15,112,3.609,1,9
14,0.4511,2,0.0644,10,24,0.7734,2,2
48,1.5991,6,0.1999,14,57,1.8989,0,0
42,1.3992,12,0.3998,15,80,2.6652,3,14
24,0.6841,5,0.1425,16,26,0.7411,0,9
119,3.3919,18,0.5131,16,141,4.019,0,2
76,2.485,17,0.5559,13,114,3.7275,2,20
89,2.9101,40,1.3079,17,157,5.1335,2,6
78,1.9831,18,0.4576,24,122,3.1017,2,7
66,1.678,15,0.3814,11,103,2.6186,0,11
58,1.9089,10,0.3291,10,87,2.8634,3,9
46,1.514,13,0.4279,15,75,2.4685,1,1
115,2.4399,32,0.6789,19,150,3.1825,0,6
74,1.57,21,0.4455,23,117,2.4823,2,7
39,1.2361,5,0.1585,15,60,1.9017,1,5
46,1.458,7,0.2219,15,80,2.5357,3,15
95,2.3525,13,0.3219,21,138,3.4173,2,12
14,0.3467,7,0.1733,10,29,0.7181,1,3
71,1.9879,18,0.504,21,96,2.6878,2,6
84,2.3518,17,0.476,19,141,3.9477,3,10
43,1.3789,10,0.3207,16,80,2.5655,1,13
63,2.0203,8,0.2565,14,92,2.9503,0,11
47,1.8863,12,0.4816,14,75,3.01,3,12
52,2.087,11,0.4415,13,69,2.7692,0,2
49,1.77,6,0.2167,13,69,2.4925,2,3
50,1.8061,13,0.4696,19,83,2.9982,5,12
40,1.318,7,0.2306,12,82,2.7018,2,7
42,1.3839,10,0.3295,13,66,2.1746,0,1
98,3.2308,25,0.8242,22,137,4.5165,1,3
47,1.5495,19,0.6264,18,81,2.6703,1,3
11,0.3468,6,0.1892,9,27,0.8513,1,2
56,1.7656,3,0.0946,17,64,2.0179,1,8
36,1.2308,5,0.1709,14,56,1.9145,3,6
48,1.641,5,0.1709,12,71,2.4274,3,6
38,1.4767,6,0.2332,9,55,2.1373,2,10
38,1.4767,4,0.1554,12,55,2.1373,1,2
18,0.543,1,0.0302,7,37,1.1161,2,8
57,1.7195,8,0.2413,14,84,2.5339,1,6
71,1.9311,5,0.136,20,95,2.5839,0,5
62,1.6863,20,0.544,23,117,3.1822,2,13
70,2.3675,8,0.2706,13,77,2.6043,1,7
51,1.7249,15,0.5073,17,105,3.5513,3,12
65,1.5403,7,0.1659,23,95,2.2512,3,10
34,0.8057,6,0.1422,19,66,1.564,2,10
50,1.7878,6,0.2145,10,62,2.2169,4,6
48,1.7163,6,0.2145,14,71,2.5387,4,12
69,1.5664,13,0.2951,10,110,2.4972,0,10
103,2.3383,17,0.3859,26,162,3.6776,1,8
43,1.4413,16,0.5363,18,52,1.743,2,3
54,1.8101,12,0.4022,12,95,3.1844,2,11
57,1.9487,11,0.3761,14,80,2.735,1,10
54,1.8462,7,0.2393,16,78,2.6667,1,4
35,1.4768,5,0.211,13,53,2.2363,4,9
12,0.5063,1,0.0422,4,19,0.8017,5,14
66,2.0194,6,0.1836,17,84,2.5701,1,6
53,1.6216,11,0.3366,15,79,2.4171,1,9
109,2.966,43,1.1701,15,197,5.3605,2,8
107,2.9116,35,0.9524,24,154,4.1905,3,6
53,1.7406,12,0.3941,15,78,2.5616,2,8
53,1.7406,12,0.3941,18,88,2.89,1,1
32,1.634,1,0.0511,10,40,2.0426,4,11
24,1.2255,2,0.1021,9,36,1.8383,0,0
50,1.7523,3,0.1051,17,66,2.3131,2,8
44,1.5421,8,0.2804,9,71,2.4883,1,11
86,2.1053,15,0.3672,15,112,2.7417,0,5
64,1.5667,24,0.5875,25,106,2.5949,0,6
134,3.0158,27,0.6077,14,197,4.4336,0,12
18,0.4051,13,0.2926,11,46,1.0353,0,5
45,1.5771,3,0.1051,14,52,1.8224,2,7
70,2.4533,16,0.5607,12,116,4.0654,1,9
55,1.6161,10,0.2938,19,86,2.5269,2,8
16,0.4701,1,0.0294,6,32,0.9403,0,0
17,0.6331,1,0.0372,9,19,0.7076,1,2
50,1.8622,11,0.4097,19,81,3.0168,1,4
99,2.8891,23,0.6712,18,150,4.3774,2,10
57,1.6634,11,0.321,17,80,2.3346,1,6
22,0.6933,6,0.1891,14,32,1.0084,0,3
49,1.5441,6,0.1891,13,70,2.2059,0,11
47,1.6041,10,0.3413,14,78,2.6621,3,11
58,1.9795,13,0.4437,15,77,2.628,3,5
47,1.7973,5,0.1912,14,64,2.4474,0,1
38,1.4532,14,0.5354,12,79,3.021,4,12
95,2.2574,15,0.3564,15,136,3.2317,1,10
77,1.8297,18,0.4277,27,105,2.495,0,2
62,1.9245,12,0.3725,20,92,2.8557,0,5
43,1.3347,5,0.1552,9,66,2.0486,4,17
6,0.2226,3,0.1113,6,16,0.5937,0,1
41,1.5213,3,0.1113,12,63,2.3377,0,8
57,1.7739,19,0.5913,16,106,3.2988,9,10
90,2.8008,21,0.6535,21,133,4.139,2,11
45,1.5059,5,0.1673,15,62,2.0747,0,9
49,1.6397,12,0.4016,18,88,2.9448,1,1
45,1.5544,11,0.38,17,82,2.8325,0,1
45,1.5544,5,0.1727,14,68,2.3489,4,13
34,1.2944,4,0.1523,11,65,2.4746,1,6
40,1.5228,6,0.2284,16,49,1.8655,1,2
23,0.9986,2,0.0868,7,31,1.3459,0,3
32,1.3893,3,0.1302,10,55,2.3878,3,17
62,1.9305,21,0.6539,18,112,3.4873,4,8
48,1.4946,23,0.7161,21,94,2.9268,1,1
10,0.3088,8,0.247,8,28,0.8646,1,9
59,1.8219,9,0.2779,20,79,2.4395,3,6
79,1.8661,20,0.4724,25,131,3.0945,1,9
78,1.8425,20,0.4724,27,107,2.5276,0,17
37,1.2465,11,0.3706,14,71,2.3919,0,1
53,1.7855,6,0.2021,17,77,2.594,0,8
76,2.0458,8,0.2153,28,100,2.6918,1,4
71,1.9112,7,0.1884,20,104,2.7995,3,5
60,1.9438,12,0.3888,19,90,2.9158,0,2
49,1.5875,9,0.2916,17,74,2.3974,1,11
78,2.4062,14,0.4319,12,124,3.8252,4,11
46,1.419,14,0.4319,15,87,2.6838,5,9
112,2.7965,20,0.4994,28,165,4.1199,1,6
82,2.0474,17,0.4245,29,107,2.6717,2,8
38,1.2452,12,0.3932,14,63,2.0644,0,4
60,1.9661,16,0.5243,7,97,3.1786,0,8
48,1.4436,12,0.3609,16,83,2.4962,0,4
69,2.0752,10,0.3008,10,102,3.0677,3,8
62,1.5857,2,0.0512,21,87,2.2251,2,11
57,1.4578,6,0.1535,21,96,2.4552,2,11
48,1.5695,4,0.1308,13,73,2.3869,2,10
44,1.4387,7,0.2289,15,76,2.485,3,8
31,1.1531,24,0.8927,10,85,3.1618,0,8
40,1.4879,1,0.0372,12,49,1.8227,2,5
65,2.4482,14,0.5273,12,100,3.7665,1,7
39,1.4689,13,0.4896,13,59,2.2222,0,0
53,1.6772,9,0.2848,20,83,2.6266,6,16
72,2.2785,7,0.2215,28,77,2.4367,5,10
54,1.6564,15,0.4601,15,96,2.9448,2,9
55,1.6871,8,0.2454,18,76,2.3313,2,3
60,1.7857,12,0.3571,19,92,2.7381,1,6
64,1.9048,26,0.7738,19,111,3.3036,3,8
73,1.9312,25,0.6614,24,136,3.5979,1,6
73,1.9312,10,0.2646,24,100,2.6455,3,10
74,2.3246,15,0.4712,13,115,3.6126,3,18
52,1.6335,7,0.2199,17,75,2.356,2,2
48,1.3708,7,0.1999,15,87,2.4845,0,15
50,1.4279,8,0.2285,14,75,2.1418,1,6
95,2.8246,20,0.5946,15,143,4.2517,1,11
62,1.8434,15,0.446,20,88,2.6165,1,2
74,2.3356,13,0.4103,17,103,3.2509,1,7
63,1.9884,14,0.4419,21,82,2.5881,1,12
89,1.7589,2,0.0395,27,108,2.1344,2,7
23,0.4545,9,0.1779,22,53,1.0474,1,5
40,1.3319,7,0.2331,19,58,1.9312,0,0
40,1.3319,6,0.1998,10,70,2.3307,3,13
57,1.9861,7,0.2439,15,86,2.9965,0,4
45,1.5679,7,0.2439,17,70,2.439,1,8
54,1.7753,2,0.0658,16,63,2.0712,1,12
55,1.8082,12,0.3945,16,84,2.7616,2,3
53,1.5837,2,0.0598,13,76,2.2709,2,13
69,2.0618,5,0.1494,20,85,2.5398,1,5
46,1.4301,2,0.0622,13,64,1.9896,0,11
41,1.2746,8,0.2487,12,70,2.1762,1,4
80,2.0168,8,0.2017,19,115,2.8992,1,7
57,1.437,9,0.2269,15,95,2.395,0,3
26,1.1703,1,0.045,8,39,1.7554,6,14
27,1.2153,6,0.2701,8,39,1.7554,1,1
45,1.4226,3,0.0948,18,53,1.6754,0,0
45,1.4226,1,0.0316,12,64,2.0232,3,11
53,1.6667,5,0.1572,17,71,2.2327,0,6
47,1.478,8,0.2516,14,78,2.4528,0,13
61,2.0165,14,0.4628,21,95,3.1405,2,6
51,1.686,25,0.8264,19,112,3.7025,3,9
36,1.2842,4,0.1427,13,58,2.069,5,14
40,1.4269,9,0.321,13,58,2.069,0,2
108,3.0784,13,0.3705,20,148,4.2185,0,12
62,1.7672,24,0.6841,15,94,2.6793,0,1
50,1.662,8,0.2659,14,66,2.1939,3,5
40,1.3296,6,0.1994,15,72,2.3934,6,18
54,1.7262,10,0.3197,18,89,2.845,1,7
60,1.918,12,0.3836,18,91,2.9089,0,4
89,2,23,0.5169,31,152,3.4157,2,9
88,1.9775,15,0.3371,25,135,3.0337,3,11
68,1.911,20,0.5621,23,103,2.8946,0,3
58,1.63,18,0.5059,19,113,3.1756,2,9
111,2.3897,12,0.2583,23,146,3.1432,5,16
87,1.873,10,0.2153,25,111,2.3897,1,9
100,2.1583,10,0.2158,27,121,2.6115,3,7
97,2.0935,14,0.3022,23,134,2.8921,2,10
87,2.3016,13,0.3439,19,130,3.4392,2,9
66,1.746,17,0.4497,22,114,3.0159,1,12
78,2.0517,31,0.8154,21,139,3.6563,1,8
80,2.1043,17,0.4472,23,118,3.1039,0,5
36,1.3628,13,0.4921,11,82,3.1041,4,15
41,1.5521,7,0.265,12,67,2.5363,5,5
61,1.6984,11,0.3063,21,68,1.8933,2,5
70,1.949,11,0.3063,14,98,2.7285,0,6
44,1.7671,4,0.1606,9,53,2.1285,1,3
28,1.1245,7,0.2811,11,54,2.1687,1,14
72,1.7136,12,0.2856,25,92,2.1896,0,13
36,0.8568,11,0.2618,21,72,1.7136,0,5
50,1.5865,5,0.1586,15,75,2.3797,1,8
43,1.3644,6,0.1904,12,58,1.8403,0,0
82,2.023,10,0.2467,17,93,2.2944,1,5
113,2.7878,24,0.5921,20,152,3.75,0,12
47,1.504,10,0.32,18,82,2.624,1,3
55,1.76,21,0.672,13,112,3.584,1,6
50,1.5983,13,0.4156,16,76,2.4294,1,1
65,2.0778,23,0.7352,15,121,3.8679,2,4
46,1.5359,14,0.4674,17,87,2.9048,1,10
41,1.3689,7,0.2337,14,61,2.0367,1,2
55,1.8043,8,0.2624,17,75,2.4604,0,4
53,1.7387,14,0.4593,16,110,3.6085,0,17
36,1.3811,4,0.1535,12,52,1.9949,1,5
37,1.4194,8,0.3069,12,61,2.3402,3,12
37,1.5195,10,0.4107,14,60,2.4641,0,0
40,1.6427,4,0.1643,14,61,2.5051,2,10
53,1.6233,23,0.7044,12,104,3.1853,1,6
72,2.2052,17,0.5207,20,101,3.0934,1,4
61,1.9345,14,0.444,18,103,3.2664,2,8
58,1.8393,16,0.5074,16,98,3.1078,1,1
87,2.6606,25,0.7645,14,134,4.0979,4,15
63,1.9266,28,0.8563,18,105,3.211,2,7
63,1.9444,17,0.5247,20,98,3.0247,0,5
52,1.6049,7,0.216,16,78,2.4074,0,1
38,1.3571,2,0.0714,12,63,2.25,0,1
40,1.4286,4,0.1429,13,64,2.2857,1,19
61,1.6088,16,0.422,17,113,2.9802,3,21
65,1.7143,16,0.422,22,102,2.6901,3,13
70,1.6304,16,0.3727,20,105,2.4457,3,9
84,1.9565,20,0.4658,27,149,3.4705,0,3
36,1.2827,3,0.1069,11,64,2.2803,0,9
29,1.0333,2,0.0713,8,49,1.7458,2,6
38,1.3768,8,0.2899,13,45,1.6304,0,2
45,1.6304,17,0.6159,11,91,3.2971,0,5
57,1.4256,11,0.2751,19,95,2.376,8,23
70,1.7507,12,0.3001,22,105,2.6261,1,18
71,1.7757,17,0.4252,21,117,2.9262,2,12
83,2.0759,13,0.3251,16,107,2.6761,0,4
67,1.8215,14,0.3806,18,90,2.4468,0,11
70,1.903,22,0.5981,22,118,3.208,1,6
55,1.7819,11,0.3564,14,83,2.689,2,7
59,1.9114,11,0.3564,19,85,2.7538,0,1
50,1.4231,8,0.2277,16,77,2.1917,1,3
65,1.8501,16,0.4554,13,106,3.0171,2,12
52,1.7647,11,0.3733,13,84,2.8507,1,3
48,1.629,13,0.4412,16,80,2.7149,1,15
79,2.5747,16,0.5215,14,122,3.9761,4,10
51,1.6621,16,0.5215,14,85,2.7702,1,4
68,1.8045,18,0.4777,22,114,3.0252,0,9
85,2.2556,12,0.3184,18,129,3.4233,1,12
56,1.9277,14,0.4819,17,97,3.3391,3,6
56,1.9277,9,0.3098,15,77,2.6506,2,12
54,1.5859,15,0.4405,14,101,2.9662,1,12
58,1.7034,12,0.3524,16,80,2.3495,0,0
55,1.5789,15,0.4306,17,87,2.4976,3,16
91,2.6124,12,0.3445,20,127,3.6459,4,11
68,1.9101,17,0.4775,24,111,3.118,0,2
64,1.7978,19,0.5337,17,105,2.9494,0,16
68,1.8613,10,0.2737,21,95,2.6004,2,3
61,1.6697,18,0.4927,18,107,2.9288,0,11
57,1.6773,9,0.2648,17,83,2.4424,2,4
58,1.7067,12,0.3531,18,91,2.6778,0,4
58,1.7067,18,0.5297,17,93,2.7366,1,6
61,1.795,12,0.3531,17,85,2.5012,0,12
55,1.8033,8,0.2623,18,93,3.0492,4,15
56,1.8361,9,0.2951,20,75,2.459,2,5
35,1.4716,5,0.2102,15,50,2.1023,2,3
28,1.1773,4,0.1682,8,53,2.2285,3,16
70,1.6807,6,0.1441,20,87,2.0888,0,3
68,1.6327,8,0.1921,20,111,2.6651,0,13
75,1.8375,21,0.5145,28,118,2.891,2,10
80,1.96,16,0.392,26,99,2.4255,2,13
32,1.3214,7,0.2891,14,47,1.9408,2,2
57,2.3538,8,0.3304,11,86,3.5513,5,10
29,1.1877,5,0.2048,11,44,1.802,0,0
49,2.0068,10,0.4096,8,81,3.3174,0,12
46,1.4053,18,0.5499,18,92,2.8106,3,11
46,1.4053,13,0.3971,13,84,2.5662,1,2
42,1.3139,8,0.2503,15,70,2.1898,0,4
42,1.3139,16,0.5005,13,90,2.8154,7,16
43,1.4862,12,0.4147,14,85,2.9378,0,1
40,1.3825,7,0.2419,12,69,2.3848,2,22
44,1.6541,14,0.5263,15,66,2.4812,0,2
45,1.6917,12,0.4511,14,80,3.0075,0,21
59,1.5486,6,0.1575,15,93,2.4409,0,12
62,1.6273,10,0.2625,18,87,2.2835,2,10
49,1.6984,12,0.4159,11,77,2.669,3,19
47,1.6291,4,0.1386,16,60,2.0797,0,2
54,1.4536,16,0.4307,14,101,2.7187,2,17
76,2.0458,12,0.323,16,96,2.5841,0,6
52,1.6552,17,0.5411,15,100,3.183,2,9
49,1.5597,3,0.0955,15,71,2.2599,1,3
55,1.7609,5,0.1601,23,79,2.5293,1,5
46,1.4728,6,0.1921,13,80,2.5614,1,12
54,1.665,21,0.6475,14,108,3.3299,3,13
48,1.48,6,0.185,15,74,2.2816,0,2
46,1.401,4,0.1218,15,71,2.1624,3,16
60,1.8274,9,0.2741,19,83,2.5279,2,12
49,1.597,11,0.3585,14,76,2.4769,1,4
41,1.3362,5,0.163,12,64,2.0858,2,14
54,1.6447,10,0.3046,15,78,2.3756,1,10
54,1.6447,24,0.731,18,115,3.5025,0,1
34,1.3868,8,0.3263,14,63,2.5697,2,2
38,1.55,10,0.4079,12,56,2.2842,4,13
44,1.441,3,0.0983,14,70,2.2926,5,16
52,1.7031,6,0.1965,11,77,2.5218,1,5
60,1.877,19,0.5944,23,100,3.1283,0,6
50,1.5641,4,0.1251,13,78,2.44,2,6
63,1.7915,18,0.5118,20,101,2.872,3,13
63,1.7915,11,0.3128,22,98,2.7867,2,6
95,1.8543,6,0.1171,32,118,2.3032,2,9
130,2.5374,31,0.6051,30,194,3.7866,1,13
98,2.2862,19,0.4432,20,148,3.4526,0,9
79,1.8429,15,0.3499,20,109,2.5428,1,3
81,2.0225,6,0.1498,14,115,2.8714,0,8
59,1.4732,17,0.4245,22,110,2.7466,4,16
62,2.0195,16,0.5212,8,105,3.4202,3,11
40,1.3029,6,0.1954,9,61,1.987,1,3
59,1.4616,0,0,17,77,1.9075,6,13
65,1.6102,10,0.2477,14,109,2.7002,1,8
96,2.2893,8,0.1908,21,130,3.1002,3,13
68,1.6216,0,0,18,90,2.1463,0,7
33,1.1472,5,0.1738,8,62,2.1553,10,15
46,1.5991,12,0.4171,15,76,2.6419,5,11
73,1.9936,17,0.4643,29,113,3.086,1,2
77,2.1029,17,0.4643,27,121,3.3045,1,13
55,1.7423,18,0.5702,18,84,2.661,2,15
57,1.8057,11,0.3485,18,90,2.8511,1,13
25,1.1062,3,0.1327,5,54,2.3894,2,14
35,1.5487,8,0.354,13,52,2.3009,0,2
39,1.5559,3,0.1197,8,58,2.3138,1,14
55,2.1941,15,0.5984,13,99,3.9495,1,5
36,1.4081,11,0.4302,12,68,2.6597,4,6
39,1.5254,6,0.2347,11,47,1.8383,5,9
71,1.8546,16,0.4179,19,119,3.1084,0,12
70,1.8285,11,0.2873,21,102,2.6643,1,6
59,1.7979,10,0.3047,18,90,2.7425,0,0
50,1.5236,5,0.1524,13,74,2.255,4,12
64,1.493,5,0.1166,18,74,1.7263,0,10
133,3.1026,49,1.1431,20,212,4.9456,0,1
65,1.7001,9,0.2354,25,96,2.5109,2,4
68,1.7786,10,0.2616,20,108,2.8248,0,14
36,1.374,3,0.1145,14,48,1.8321,0,1
39,1.4885,5,0.1908,12,58,2.2137,3,11
49,1.4217,4,0.1161,13,78,2.2631,0,10
52,1.5087,6,0.1741,16,82,2.3791,0,1
51,1.6925,4,0.1327,14,74,2.4558,3,17
30,0.9956,7,0.2323,10,67,2.2235,0,3
61,1.6859,5,0.1382,18,92,2.5426,1,14
40,1.1055,17,0.4698,15,102,2.819,0,2
71,1.9704,16,0.444,23,116,3.2192,2,17
66,1.8316,8,0.222,19,110,3.0527,3,11
44,1.3615,10,0.3094,14,72,2.228,0,19
52,1.6091,9,0.2785,13,92,2.8468,0,3
62,1.5391,14,0.3475,17,132,3.2768,4,9
69,1.7129,23,0.571,8,136,3.3761,1,4
52,1.553,11,0.3285,15,109,3.2554,2,6
44,1.3141,7,0.2091,11,83,2.4788,2,11
62,1.5904,13,0.3335,20,109,2.7961,0,13
72,1.8469,15,0.3848,24,132,3.3861,1,7
46,1.5232,11,0.3642,16,89,2.947,0,11
50,1.6556,4,0.1325,18,73,2.4172,1,2
47,1.8089,5,0.1924,11,58,2.2322,1,3
44,1.6934,8,0.3079,12,81,3.1174,1,12
55,1.7516,2,0.0637,17,72,2.293,2,12
50,1.5924,7,0.2229,18,85,2.707,2,4
53,2.1916,12,0.4962,11,91,3.7629,2,10
32,1.3232,8,0.3308,12,60,2.481,0,0
42,1.5385,13,0.4762,13,87,3.1868,5,17
48,1.7582,7,0.2564,20,80,2.9304,0,2
42,1.5254,1,0.0363,10,66,2.3971,1,11
40,1.4528,5,0.1816,17,56,2.0339,0,0
46,1.4089,17,0.5207,12,111,3.3997,2,12
50,1.5314,14,0.4288,16,91,2.7871,0,1
37,1.2472,5,0.1685,12,59,1.9888,0,6
43,1.4494,0,0,9,64,2.1573,3,21
64,1.6587,9,0.2333,18,99,2.5659,0,2
66,1.7106,12,0.311,16,120,3.1102,3,16
60,1.7143,14,0.4,18,94,2.6857,2,7
54,1.5429,12,0.3429,17,103,2.9429,1,5
61,1.5997,13,0.3409,21,109,2.8584,0,11
53,1.3899,12,0.3147,17,83,2.1766,0,2
80,2.0313,22,0.5586,16,159,4.0372,0,4
81,2.0567,23,0.584,29,135,3.4278,2,7
76,1.9982,13,0.3418,19,108,2.8396,0,9
74,1.9457,29,0.7625,22,169,4.4435,0,4
64,1.6916,20,0.5286,15,131,3.4626,1,3
73,1.9295,11,0.2907,25,109,2.8811,0,9
40,1.2416,8,0.2483,15,70,2.1728,0,4
40,1.2416,8,0.2483,12,72,2.2349,1,11
48,1.4494,5,0.151,12,89,2.6875,3,12
48,1.4494,4,0.1208,14,69,2.0835,1,6
39,1.2704,13,0.4235,16,77,2.5081,2,9
43,1.4007,15,0.4886,12,89,2.899,1,2
51,1.5979,2,0.0627,15,65,2.0366,2,4
48,1.5039,3,0.094,13,70,2.1932,1,9
63,1.8676,8,0.2372,22,97,2.8755,2,11
57,1.6897,7,0.2075,16,82,2.4308,1,6
127,3.1963,28,0.7047,26,208,5.2349,3,8
63,1.5856,18,0.453,22,112,2.8188,3,11
37,1.1491,10,0.3106,10,78,2.4224,0,10
57,1.7702,13,0.4037,16,95,2.9503,1,2
51,1.6277,7,0.2234,14,86,2.7447,3,16
43,1.3723,7,0.2234,11,85,2.7128,2,6
51,1.646,26,0.8392,10,136,4.3895,2,9
56,1.8074,15,0.4841,18,95,3.0662,3,3
58,1.8852,20,0.6501,17,111,3.6078,3,4
54,1.7551,13,0.4225,13,104,3.3803,3,10
61,2.3659,12,0.4654,12,108,4.1888,6,10
28,1.086,9,0.3491,11,60,2.3271,1,1
39,1.5621,3,0.1202,12,42,1.6822,4,7
61,2.4433,16,0.6409,14,112,4.486,4,8
43,1.2045,3,0.084,14,70,1.9608,1,8
47,1.3165,6,0.1681,16,76,2.1289,0,11
31,1.2375,5,0.1996,12,46,1.8363,4,6
23,0.9182,7,0.2794,7,38,1.517,8,16
45,1.61,2,0.0716,12,68,2.4329,1,14
38,1.3596,11,0.3936,13,78,2.7907,0,2
45,1.4508,10,0.3224,11,85,2.7405,0,0
40,1.2896,13,0.4191,11,87,2.8049,0,4
44,1.4442,20,0.6565,14,87,2.8556,0,0
56,1.8381,17,0.558,16,100,3.2823,3,7
63,1.75,8,0.2222,22,93,2.5833,0,4
63,1.75,5,0.1389,15,93,2.5833,1,9
54,1.5363,6,0.1707,16,84,2.3898,1,14
60,1.707,1,0.0284,16,88,2.5036,4,13
49,1.7916,2,0.0731,18,70,2.5594,2,5
63,2.3035,20,0.7313,13,111,4.0585,4,12
65,2.0165,20,0.6205,20,117,3.6298,0,7
91,2.8232,24,0.7446,21,152,4.7156,0,3
86,1.7979,33,0.6899,28,199,4.1603,0,8
109,2.2787,44,0.9199,30,188,3.9303,0,8
37,1.2832,19,0.659,13,100,3.4682,0,0
48,1.6647,16,0.5549,15,101,3.5029,0,9
76,2.0727,14,0.3818,12,124,3.3818,1,6
56,1.5273,30,0.8182,15,137,3.7364,2,11
54,1.4311,14,0.371,14,120,3.1802,0,7
59,1.5636,9,0.2385,15,91,2.4117,2,15
48,1.4222,7,0.2074,11,81,2.4,0,10
71,2.1037,19,0.563,9,109,3.2296,0,0
78,1.8375,18,0.424,27,122,2.874,1,6
65,1.5312,55,1.2956,18,195,4.5936,0,8
60,2.0374,13,0.4414,19,85,2.8862,0,1
71,2.4109,35,1.1885,15,145,4.9236,3,10
56,1.7656,19,0.5991,16,122,3.8466,1,6
44,1.3873,22,0.6936,15,101,3.1844,0,2
31,1.0532,11,0.3737,11,68,2.3103,2,3
46,1.5629,9,0.3058,15,91,3.0917,2,13
66,1.8884,14,0.4006,16,115,3.2904,1,14
58,1.6595,1,0.0286,16,80,2.289,2,4
52,1.7372,8,0.2673,16,91,3.0401,1,14
52,1.7372,9,0.3007,15,72,2.4053,2,4
37,1.1497,9,0.2796,16,72,2.2372,0,1
57,1.7711,7,0.2175,17,81,2.5168,4,9
47,1.7301,13,0.4785,13,74,2.7239,3,4
37,1.362,19,0.6994,15,95,3.4969,2,4
67,2.355,25,0.8787,20,103,3.6204,0,2
41,1.4411,13,0.4569,16,83,2.9174,4,8
128,2.9527,31,0.7151,19,189,4.3599,1,8
136,3.1373,44,1.015,21,233,5.3749,1,10
67,1.7859,11,0.2932,20,103,2.7454,1,1
59,1.5726,6,0.1599,15,104,2.7721,1,17
37,1.3238,11,0.3936,12,93,3.3274,0,6
39,1.3953,14,0.5009,13,63,2.254,1,2
43,1.2416,4,0.1155,15,66,1.9057,0,2
58,1.6747,10,0.2887,16,111,3.205,0,12
31,1.2285,10,0.3963,9,81,3.21,3,7
41,1.6248,8,0.317,13,58,2.2985,3,3
59,1.6589,22,0.6186,16,131,3.6832,2,9
101,2.8397,23,0.6467,22,168,4.7235,4,16
91,2.5034,18,0.4952,15,157,4.3191,0,13
105,2.8886,36,0.9904,18,178,4.8968,1,5
55,1.7045,15,0.4649,15,115,3.564,3,14
70,2.1694,18,0.5579,24,120,3.719,0,0
84,2.2232,19,0.5029,17,140,3.7053,2,8
66,1.7468,29,0.7675,23,134,3.5465,6,15
35,1.4883,6,0.2551,15,57,2.4238,1,2
29,1.2332,12,0.5103,8,69,2.9341,2,7
61,1.6067,10,0.2634,14,99,2.6076,1,11
66,1.7384,22,0.5795,24,129,3.3977,0,4
70,2.2851,18,0.5876,18,120,3.9173,1,12
59,1.926,12,0.3917,17,81,2.6442,2,4
50,1.4896,17,0.5065,17,99,2.9494,3,12
74,2.2046,15,0.4469,19,124,3.6941,0,1
43,1.5168,8,0.2822,16,72,2.5397,3,10
41,1.4462,3,0.1058,11,59,2.0811,2,3
67,1.7686,19,0.5015,23,132,3.4844,1,1
57,1.5046,6,0.1584,22,72,1.9006,0,10
26,1.128,7,0.3037,10,52,2.256,5,14
17,0.7375,8,0.3471,3,53,2.2993,0,1
60,1.7192,15,0.4298,18,124,3.553,1,3
65,1.8625,19,0.5444,23,113,3.2378,4,7
106,2.972,25,0.7009,14,197,5.5234,1,9
73,2.0467,15,0.4206,20,102,2.8598,3,5
59,1.8632,15,0.4737,18,111,3.5053,2,8
57,1.8,20,0.6316,19,114,3.6,2,3
72,1.9209,20,0.5336,25,93,2.4811,2,8
112,2.988,48,1.2806,15,257,6.8564,4,10
76,2.4255,24,0.766,10,141,4.5,0,5
49,1.5638,10,0.3191,17,90,2.8723,1,10
44,1.3873,18,0.5675,16,105,3.3106,0,6
51,1.608,12,0.3783,18,95,2.9953,0,2
80,2.4279,19,0.5766,16,131,3.9757,0,5
56,1.6995,25,0.7587,19,121,3.6722,2,3
69,2.1462,9,0.2799,24,117,3.6392,1,4
56,1.7418,9,0.2799,17,90,2.7994,2,16
111,3.1209,31,0.8716,20,199,5.5951,1,15
67,1.8838,16,0.4499,21,101,2.8397,0,5
55,1.7723,20,0.6445,15,95,3.0612,3,11
74,2.3845,20,0.6445,13,130,4.189,2,2
50,1.7055,12,0.4093,15,88,3.0017,0,3
53,1.8078,12,0.4093,15,86,2.9335,6,12
84,2.8299,27,0.9096,12,176,5.9293,1,8
49,1.6508,11,0.3706,15,81,2.7288,1,3
58,1.654,14,0.3992,22,110,3.1369,4,6
70,1.9962,19,0.5418,20,126,3.5932,3,10
61,1.8598,12,0.3659,18,108,3.2927,0,1
49,1.4939,19,0.5793,15,99,3.0183,1,5
67,1.7448,13,0.3385,19,123,3.2031,1,11
81,2.1094,10,0.2604,18,113,2.9427,1,2
40,1.4572,7,0.255,13,76,2.7687,0,0
41,1.4936,11,0.4007,10,72,2.623,3,6
47,1.5024,12,0.3836,17,78,2.4933,1,4
52,1.6622,4,0.1279,17,79,2.5253,2,7
36,1.2819,17,0.6053,13,88,3.1335,3,14
49,1.7448,10,0.3561,17,78,2.7774,0,0
39,1.6714,9,0.3857,10,77,3.3,3,9
25,1.0714,8,0.3429,8,49,2.1,0,0
44,1.465,11,0.3663,12,101,3.3629,1,7
36,1.1987,5,0.1665,11,54,1.798,1,3
29,1.2185,7,0.2941,9,48,2.0168,0,2
36,1.5126,9,0.3782,9,79,3.3193,1,10
37,1.3373,10,0.3614,10,75,2.7108,1,2
43,1.5542,3,0.1084,11,73,2.6386,5,10
34,1.0429,1,0.0307,8,69,2.1166,0,1
44,1.3497,11,0.3374,12,71,2.1779,0,10
75,1.6911,13,0.2931,20,123,2.7734,0,8
70,1.5784,14,0.3157,19,136,3.0665,0,4
63,1.6492,20,0.5236,17,129,3.377,1,10
66,1.7277,9,0.2356,16,96,2.5131,0,1
55,1.694,10,0.308,12,104,3.2033,0,2
57,1.7556,4,0.1232,18,88,2.7105,0,7
63,1.8138,22,0.6334,19,114,3.2821,3,6
58,1.6699,17,0.4894,23,101,2.9079,2,5
51,2.062,29,1.1725,12,112,4.5283,0,3
53,2.1429,23,0.9299,11,85,3.4367,2,11
0,0,14,0.5273,17,81,3.0508,1,2
0,0,6,0.226,8,60,2.2599,1,6
0,0,11,0.3487,16,68,2.1553,3,9
0,0,33,1.046,11,158,5.0079,3,5
0,0,17,0.4398,19,120,3.1048,2,7
0,0,23,0.5951,18,156,4.0362,0,4
0,0,21,0.6032,25,161,4.6242,0,4
0,0,31,0.8904,20,150,4.3083,2,12
0,0,8,0.2486,20,98,3.0451,0,5
0,0,5,0.1554,14,79,2.4547,0,7
0,0,14,0.4391,11,98,3.0737,0,0
0,0,10,0.3136,17,94,2.9482,0,11
0,0,11,0.3729,14,105,3.5593,0,1
0,0,9,0.3051,11,87,2.9492,0,8
0,0,21,0.5974,18,135,3.8407,3,11
0,0,8,0.2276,18,108,3.0725,3,5
0,0,12,0.4162,16,109,3.7803,3,6
0,0,8,0.2775,13,92,3.1908,2,12
0,0,10,0.3762,16,83,3.1223,2,14
0,0,7,0.2633,12,55,2.069,1,2
0,0,12,0.4648,13,74,2.8664,3,15
0,0,10,0.3873,16,71,2.7502,0,3
0,0,20,0.5882,19,135,3.9706,1,2
0,0,26,0.7647,23,124,3.6471,1,11
0,0,8,0.2456,12,91,2.7943,3,8
0,0,18,0.5527,22,103,3.1627,0,2
0,0,19,0.6146,14,90,2.9111,1,4
0,0,14,0.4528,12,90,2.9111,1,10
0,0,19,0.6162,14,119,3.8595,1,9
0,0,11,0.3568,18,91,2.9514,0,5
0,0,24,0.5921,21,155,3.824,0,6
0,0,19,0.4688,23,152,3.75,0,3
0,0,18,0.4346,27,166,4.008,0,0
0,0,16,0.3863,24,151,3.6459,1,12
0,0,8,0.2755,12,78,2.6866,0,3
0,0,14,0.4822,11,87,2.9966,3,11
0,0,7,0.2711,12,55,2.1304,2,2
0,0,13,0.5036,11,77,2.9826,1,11
0,0,15,0.3896,30,116,3.013,4,11
0,0,19,0.4935,14,158,4.1039,3,17
0,0,24,0.8669,12,142,5.1294,3,14
0,0,15,0.5418,13,75,2.7092,1,7
0,0,33,0.7503,19,215,4.8882,2,8
0,0,38,0.864,20,229,5.2065,2,8
0,0,9,0.2734,23,94,2.8557,2,2
0,0,19,0.5772,20,125,3.7975,1,6
0,0,21,0.6915,12,120,3.9517,0,0
0,0,27,0.8891,16,109,3.5895,1,8
0,0,4,0.1351,13,61,2.0597,3,7
0,0,16,0.5402,12,116,3.9167,0,10
0,0,7,0.1958,23,88,2.4615,3,8
0,0,15,0.4196,12,125,3.4965,0,12
0,0,1,0.0358,13,52,1.8638,1,1
0,0,10,0.3584,15,87,3.1183,3,12
0,0,10,0.3178,18,99,3.1462,0,4
0,0,8,0.2542,19,78,2.4788,0,5
0,0,21,0.5658,18,118,3.1792,0,12
0,0,20,0.5388,21,133,3.5833,0,4
0,0,28,0.657,27,159,3.7309,1,9
0,0,15,0.352,27,121,2.8393,0,2
0,0,10,0.33,15,93,3.0693,1,6
0,0,10,0.33,15,86,2.8383,0,3
0,0,3,0.0978,18,74,2.4117,1,11
0,0,9,0.2933,24,88,2.868,2,8
0,0,22,0.7928,12,127,4.5766,6,10
0,0,23,0.8288,9,116,4.1802,4,11
0,0,8,0.3063,7,64,2.4505,1,13
0,0,6,0.2297,9,38,1.455,0,3
0,0,11,0.4052,11,58,2.1363,1,2
0,0,11,0.4052,9,78,2.8729,2,12
0,0,22,0.6027,20,175,4.7945,1,17
0,0,16,0.4384,18,132,3.6164,0,7
0,0,18,0.4625,21,153,3.9315,0,6
0,0,22,0.5653,27,148,3.803,1,18
0,0,6,0.2512,9,54,2.261,1,6
0,0,6,0.2512,10,46,1.926,0,1
0,0,10,0.3683,14,95,3.4991,2,8
0,0,11,0.4052,11,50,1.8416,2,5
0,0,25,0.4828,31,155,2.9932,0,18
0,0,44,0.8497,22,298,5.7547,1,2
0,0,50,1.2464,14,273,6.8052,1,10
0,0,18,0.4487,23,96,2.393,2,6
0,0,8,0.2692,8,66,2.221,0,4
0,0,12,0.4038,14,89,2.995,2,13
0,0,16,0.3746,24,156,3.652,1,10
0,0,18,0.4214,19,126,2.9497,1,7
0,0,22,0.666,17,120,3.6327,1,7
0,0,10,0.3027,19,110,3.33,3,4
0,0,25,0.538,29,189,4.0674,3,11
0,0,33,0.7102,31,176,3.7877,2,19
0,0,8,0.2741,13,82,2.8098,1,5
0,0,13,0.4455,13,85,2.9126,2,2
0,0,14,0.4767,13,117,3.9841,2,2
0,0,7,0.2384,11,70,2.3837,0,13
25,1.1538,3,0.1385,8,47,2.1692,0,0
35,1.6154,3,0.1385,8,59,2.7231,4,8
52,1.789,10,0.344,11,113,3.8876,2,4
57,1.961,13,0.4472,12,113,3.8876,5,10
29,1.0695,20,0.7376,14,85,3.1346,0,4
38,1.4014,6,0.2213,15,72,2.6552,0,8
39,1.5294,11,0.4314,14,75,2.9412,3,14
26,1.0196,7,0.2745,10,49,1.9216,1,3
78,2.0499,10,0.2628,26,129,3.3903,2,12
75,1.9711,13,0.3417,17,128,3.364,1,4
41,1.4154,11,0.3797,9,92,3.1761,5,15
44,1.519,9,0.3107,12,82,2.8308,4,4
61,1.6516,17,0.4603,14,138,3.7365,2,3
79,2.139,12,0.3249,22,123,3.3303,0,8
25,1.0033,4,0.1605,9,44,1.7659,2,12
28,1.1237,6,0.2408,9,50,2.0067,1,3
13,0.7222,6,0.3333,5,36,2,1,3
22,1.2222,4,0.2222,7,49,2.7222,5,10
41,1.3797,12,0.4038,12,91,3.0623,3,13
47,1.5816,13,0.4375,15,87,2.9277,0,3
106,2.1589,28,0.5703,32,181,3.6864,1,18
89,1.8126,25,0.5092,27,156,3.1772,1,14
47,1.5807,13,0.4372,13,81,2.7242,0,1
48,1.6143,13,0.4372,16,101,3.3969,1,11
28,1.2834,9,0.4125,9,59,2.7044,0,2
26,1.1917,9,0.4125,10,49,2.246,1,5
63,1.8778,8,0.2385,21,92,2.7422,2,7
61,1.8182,7,0.2086,16,112,3.3383,0,2
58,1.654,15,0.4278,15,108,3.0798,1,1
86,2.4525,18,0.5133,21,147,4.192,0,4
40,1.3644,19,0.6481,9,80,2.7288,0,2
50,1.7055,11,0.3752,16,89,3.0358,0,13
58,1.7755,11,0.3367,22,91,2.7857,6,6
57,1.7449,27,0.8265,22,122,3.7347,1,7
116,3.1323,19,0.5131,21,164,4.4284,1,13
72,1.9442,21,0.5671,27,114,3.0783,0,3
42,1.5385,15,0.5495,13,82,3.0037,1,10
35,1.2821,9,0.3297,12,68,2.4908,0,6
69,1.7715,15,0.3851,22,128,3.2863,1,3
64,1.6431,18,0.4621,19,126,3.2349,1,5
44,1.6216,5,0.1843,14,63,2.3219,0,0
31,1.1425,20,0.7371,13,82,3.0221,3,10
37,1.5449,5,0.2088,10,57,2.38,0,1
26,1.0856,13,0.5428,9,68,2.8392,2,11
51,1.7556,8,0.2754,15,82,2.8227,0,6
61,2.0998,15,0.5164,18,111,3.821,0,1
65,1.8598,27,0.7725,21,131,3.7482,0,10
54,1.5451,13,0.372,17,98,2.804,2,9
86,2.5761,20,0.5991,15,147,4.4034,1,9
60,1.7973,23,0.689,19,112,3.355,0,4
40,1.5171,16,0.6068,14,74,2.8066,1,11
52,1.9722,8,0.3034,14,84,3.1858,0,4
55,1.5449,12,0.3371,20,118,3.3146,3,7
59,1.6573,12,0.3371,17,99,2.7809,1,2
70,1.9508,12,0.3344,14,119,3.3163,1,7
82,2.2852,16,0.4459,21,148,4.1245,2,5
73,2.0231,20,0.5543,24,141,3.9076,2,7
79,2.1894,13,0.3603,20,125,3.4642,1,3
35,1.3183,9,0.339,9,82,3.0885,1,8
41,1.5443,7,0.2637,12,66,2.4859,0,2
43,1.4527,8,0.2703,18,64,2.1622,1,2
39,1.3176,16,0.5405,8,101,3.4122,3,10
38,1.5553,4,0.1637,12,50,2.0464,2,11
28,1.146,11,0.4502,10,58,2.3738,0,0
57,1.8527,10,0.325,18,95,3.0878,3,7
49,1.5926,15,0.4875,12,102,3.3153,3,7
39,1.6138,15,0.6207,14,91,3.7655,4,8
32,1.3241,4,0.1655,10,52,2.1517,0,0
33,1.2849,10,0.3894,10,66,2.5698,2,3
47,1.83,14,0.5451,13,92,3.5821,3,18
54,1.8441,16,0.5464,16,105,3.5857,0,3
42,1.4343,15,0.5122,13,95,3.2442,0,5
55,1.9119,7,0.2433,21,81,2.8158,2,4
44,1.5295,7,0.2433,15,81,2.8158,4,12
49,1.5289,8,0.2496,16,74,2.3089,0,2
50,1.5601,25,0.78,17,120,3.7441,1,11
32,1.1881,12,0.4455,12,73,2.7104,1,4
38,1.4109,9,0.3342,11,79,2.9332,5,14
50,1.5593,18,0.5613,19,105,3.2744,1,3
51,1.5904,18,0.5613,16,118,3.6798,2,13
77,1.895,12,0.2953,17,143,3.5193,2,13
65,1.5997,8,0.1969,17,111,2.7317,0,16
57,1.6041,13,0.3659,20,111,3.1238,4,17
79,2.2233,12,0.3377,20,111,3.1238,1,6
26,1.1556,5,0.2222,8,44,1.9556,2,10
22,0.9778,7,0.3111,9,44,1.9556,1,2
74,1.9491,13,0.3424,24,123,3.2397,0,6
72,1.8964,15,0.3951,22,143,3.7665,2,11
47,1.7928,8,0.3051,14,93,3.5474,2,13
37,1.4113,15,0.5722,10,82,3.1278,0,2
52,1.7059,29,0.9513,18,128,4.199,1,4
88,2.8868,27,0.8857,14,162,5.3144,2,14
38,1.2298,20,0.6472,12,93,3.0097,1,10
68,2.2006,19,0.6149,12,128,4.1424,1,7
73,1.867,22,0.5627,19,133,3.4015,2,16
67,1.7136,11,0.2813,17,119,3.0435,2,7
118,2.7581,44,1.0284,21,232,5.4227,2,12
104,2.4309,29,0.6778,19,161,3.7631,0,8
62,1.5328,15,0.3708,19,124,3.0655,0,13
67,1.6564,21,0.5192,23,116,2.8677,2,4
59,1.8466,13,0.4069,21,96,3.0047,2,4
47,1.471,18,0.5634,14,94,2.9421,2,6
53,1.6754,15,0.4742,10,107,3.3825,5,12
60,1.8967,20,0.6322,20,110,3.4773,1,5
80,2.7073,31,1.0491,12,176,5.956,0,5
33,1.1168,4,0.1354,9,49,1.6582,0,3
50,1.3799,13,0.3588,18,103,2.8427,1,11
66,1.8215,13,0.3588,19,123,3.3947,2,9
42,1.598,7,0.2663,17,78,2.9677,2,4
45,1.7121,7,0.2663,13,72,2.7394,3,8
68,1.9074,16,0.4488,24,105,2.9453,2,4
71,1.9916,13,0.3647,21,124,3.4783,3,9
59,2.0775,12,0.4225,11,92,3.2394,0,0
45,1.5845,16,0.5634,16,95,3.3451,3,9
91,2.7097,22,0.6551,17,128,3.8114,3,4
52,1.5484,10,0.2978,14,92,2.7395,0,12
47,1.339,10,0.2849,15,87,2.4786,0,2
66,1.8803,9,0.2564,20,101,2.8775,3,11
53,1.5085,27,0.7685,18,120,3.4156,4,5
61,1.7362,11,0.3131,21,93,2.6471,3,14
68,1.9182,17,0.4795,21,137,3.8646,0,3
62,1.7489,23,0.6488,18,119,3.3568,0,14
50,1.7361,23,0.7986,15,102,3.5417,0,4
83,2.8819,16,0.5556,16,117,4.0625,0,9
53,1.8739,20,0.7071,14,111,3.9246,1,8
54,1.9093,15,0.5303,19,97,3.4296,0,2
60,1.9088,14,0.4454,19,107,3.404,2,14
67,2.1315,12,0.3818,20,112,3.5631,2,4
74,1.8942,23,0.5887,19,166,4.2491,2,11
77,1.971,18,0.4608,25,136,3.4812,3,11
40,1.4972,11,0.4117,13,94,3.5184,4,8
63,2.3581,12,0.4492,15,81,3.0318,1,1
75,1.9815,24,0.6341,23,150,3.963,1,9
97,2.5627,23,0.6077,18,169,4.465,1,15
43,1.8429,10,0.4286,13,74,3.1714,3,5
27,1.1571,4,0.1714,8,50,2.1429,2,4
25,1.1905,4,0.1905,5,58,2.7619,1,3
27,1.2857,1,0.0476,6,35,1.6667,3,12
35,1.2868,9,0.3309,12,68,2.5,1,11
37,1.3603,10,0.3676,13,72,2.6471,0,1
35,1.3376,6,0.2293,14,66,2.5223,0,7
30,1.1465,10,0.3822,8,56,2.1401,1,2
48,1.6308,7,0.2378,14,65,2.2084,0,5
47,1.5968,14,0.4757,17,97,3.2956,0,6
46,1.6131,8,0.2805,14,87,3.0508,1,10
45,1.578,5,0.1753,18,58,2.0339,1,5
65,2.3494,16,0.5783,13,112,4.0482,1,8
39,1.4096,18,0.6506,12,83,3,0,0
48,1.4008,14,0.4086,14,88,2.5681,0,2
81,2.3638,16,0.4669,16,131,3.823,0,7
59,1.9344,14,0.459,13,102,3.3443,2,4
51,1.6721,17,0.5574,18,104,3.4098,5,13
43,1.4454,21,0.7059,13,116,3.8992,0,5
51,1.7143,15,0.5042,13,90,3.0252,0,1
57,1.7449,10,0.3061,18,98,3,0,9
60,1.8367,4,0.1224,19,83,2.5408,2,10
51,1.6277,16,0.5106,20,98,3.1277,3,5
61,1.9468,7,0.2234,17,89,2.8404,4,10
55,1.6871,4,0.1227,17,77,2.362,1,8
54,1.6564,10,0.3067,18,89,2.7301,1,1
69,1.8433,22,0.5877,21,115,3.0721,3,14
104,2.7783,21,0.561,20,165,4.4078,5,13
54,1.7618,15,0.4894,16,103,3.3605,2,9
51,1.6639,16,0.522,17,94,3.0669,1,1
72,2.0187,12,0.3364,18,125,3.5047,4,16
70,1.9626,11,0.3084,20,108,3.028,3,5
129,2.3519,23,0.4193,46,217,3.9562,2,22
119,2.1696,17,0.3099,36,173,3.1541,4,14
42,1.4433,7,0.2405,12,78,2.6804,4,12
64,2.1993,21,0.7216,17,95,3.2646,0,1
72,1.8677,11,0.2853,20,103,2.6719,0,4
61,1.5824,23,0.5966,15,156,4.0467,0,7
49,1.6705,7,0.2386,15,94,3.2045,2,10
53,1.8068,10,0.3409,12,94,3.2045,1,5
45,1.6285,8,0.2895,11,93,3.3655,1,10
50,1.8094,8,0.2895,15,73,2.6417,1,4
73,1.9677,10,0.2695,24,116,3.1267,5,20
62,1.6712,16,0.4313,21,131,3.531,3,6
79,1.9595,17,0.4217,22,142,3.5221,0,9
87,2.1579,14,0.3473,25,132,3.2741,2,16
92,2.0566,16,0.3577,25,164,3.6662,1,10
105,2.3472,12,0.2683,28,118,2.6379,1,7
56,1.8802,4,0.1343,16,80,2.6861,3,11
49,1.6452,16,0.5372,11,110,3.6933,0,4
78,1.8788,23,0.554,25,135,3.2517,1,11
113,2.7218,20,0.4817,15,173,4.167,2,4
58,1.8106,18,0.5619,18,108,3.3715,0,0
73,2.2789,16,0.4995,13,120,3.7461,0,5
110,2.6506,23,0.5542,14,170,4.0964,0,10
121,2.9157,32,0.7711,24,188,4.5301,1,8
97,2.8798,23,0.6828,17,162,4.8095,3,9
71,2.1079,17,0.5047,20,125,3.711,2,7
62,1.8769,10,0.3027,14,102,3.0878,0,2
86,2.6034,19,0.5752,15,132,3.996,0,8
59,1.7798,5,0.1508,17,93,2.8054,4,11
84,2.5339,24,0.724,20,135,4.0724,4,4
64,1.7852,9,0.251,21,96,2.6778,1,4
58,1.6179,6,0.1674,19,108,3.0126,1,9
51,1.7822,8,0.2796,17,68,2.3762,0,1
38,1.3279,13,0.4543,12,98,3.4246,1,10
81,2.1523,12,0.3189,21,109,2.8964,0,3
78,2.0726,40,1.0629,19,199,5.2879,1,17
84,2.242,11,0.2936,22,106,2.8292,2,7
76,2.0285,8,0.2135,22,124,3.3096,3,14
47,1.654,3,0.1056,14,68,2.393,3,7
41,1.4428,14,0.4927,11,103,3.6246,2,5
47,1.3486,12,0.3443,14,100,2.8694,0,18
74,2.1234,10,0.2869,21,103,2.9555,2,9
