kills,assists,damagetakenperminute,damagemitigatedperminute,goldat15,csat15,killsat15,assistsat15
10,3,806.7065,761.7547,6236,122,3,1
0,1,620.5053,461.4515,4688,130,0,0
1,1,805.1667,876.2333,5228,138,0,0
4,9,1069.3667,890.6,5953,142,1,2
2,6,547.0416,497.6528,4396,98,0,1
0,0,376.7766,327.7123,4548,112,0,0
1,7,564.7454,538.4555,4387,102,1,0
1,5,595.1987,497.8623,5187,116,1,0
3,6,1030.1277,705.2415,6443,137,1,0
0,6,632.7152,1000.9106,4892,115,0,3
3,2,387.509,289.2625,5094,135,0,0
1,1,559.0304,629.0253,5464,135,0,1
2,17,815.8864,1003.7981,4931,96,1,6
3,1,899.1672,840.795,6024,116,2,0
1,5,610.3808,413.5038,4314,107,0,0
5,1,475.5277,354.6137,6544,140,3,0
3,7,548.1036,458.7974,4833,129,0,0
2,4,628.5846,544.1628,5908,124,2,2
2,13,521.6694,729.5159,5348,131,1,3
0,1,340.8681,222.1369,4489,119,0,0
1,7,927.2727,1547.9898,4775,120,0,1
1,1,1206.1204,1037.977,5404,134,1,0
0,1,477.6131,223.1935,5005,115,0,0
2,3,817.7003,1007.4768,5562,138,0,2
6,7,605.7692,751.1899,5535,125,2,3
2,0,617.524,477.3317,5541,135,1,0
0,2,584.7695,722.7345,4916,136,0,0
4,7,590.8744,632.0509,5335,138,1,0
0,2,750.3596,848.2118,4572,114,0,0
7,6,504.8452,402.6773,6352,137,2,1
0,9,757.8319,685.1401,5487,139,0,1
1,8,895.4446,823.2887,4388,103,0,2
1,3,574.1449,771.8841,4134,98,0,1
1,9,727.0725,706.6377,5783,127,0,0
9,8,387.0486,415.0378,5783,143,0,0
1,2,867.7622,895.4595,5258,130,1,0
7,7,797.2152,675.9132,6216,136,1,1
1,1,770.5244,682.4593,4388,113,0,0
2,4,578.1071,810.6071,4522,115,0,0
2,2,861.5,683.4286,5206,141,0,0
1,9,592.1976,683.2258,4805,119,0,2
2,4,666.2903,516.8649,6340,120,1,1
1,2,1106.457,856.5935,4576,121,0,0
2,8,730.9674,451.0861,6062,141,0,2
2,2,776.7241,569,5970,128,0,0
0,1,979.4828,753.3103,4350,104,0,1
4,5,651.8997,883.191,4687,124,0,0
2,4,711.1313,637.7481,5552,121,1,0
2,6,672.9174,725.4793,4762,127,0,0
2,9,479.1322,450.4959,5331,146,0,0
6,2,446.2317,600.6134,4920,114,1,1
1,5,491.2171,759.2016,5284,130,1,4
0,1,764.4788,410.5792,4496,118,0,0
4,6,397.2587,250.3475,5345,136,1,1
1,2,729.7068,649.6021,5960,134,1,0
2,5,437.1832,315.7068,5108,132,0,0
1,3,727.8507,632.4179,4482,119,0,0
7,7,940.0896,722.9851,5354,142,0,1
5,12,714.1577,690.1855,5165,107,1,1
1,7,969.6909,1103.323,4479,111,0,0
2,3,533.3185,463.804,4590,121,0,0
1,3,867.4744,1003.0557,6171,119,1,1
2,8,1108.469,1017.2661,6068,131,0,0
1,3,946.8044,1061.8104,5057,118,0,3
3,4,480.2944,289.4603,6787,141,1,2
0,10,657.4681,539.0579,4334,89,0,3
0,4,550.8791,604.5055,6085,153,0,0
5,5,699.1484,703.6813,4664,123,0,0
1,9,711.1686,797.0065,5058,135,0,1
3,2,652.183,315.0373,5817,146,0,0
3,9,1162.4888,1137.4213,5161,135,1,0
1,4,784.6177,679.1004,4718,128,0,0
0,6,1256.5103,1133.7537,5565,155,0,0
2,9,746.7742,603.9296,6163,137,1,3
2,1,800.1963,880.1155,5400,146,1,0
4,4,863.4527,799.9885,4862,124,0,1
0,12,710.0257,988.1318,5256,131,0,2
0,1,808.6258,1256.14,4853,130,0,1
0,7,536.6843,367.131,4912,121,0,3
1,2,726.5859,530.9614,4791,114,1,0
2,8,830.746,800.3634,5223,141,0,0
4,2,814.6038,1501.0205,5758,140,0,0
0,6,408.5199,276.2816,5637,142,0,2
0,8,599.0523,1068.4386,5100,132,0,1
1,4,1161.2791,979.4186,5983,139,0,2
2,4,937.5194,1157.0155,4928,115,1,1
0,2,837.31,1204.842,5551,141,0,0
1,7,818.9155,1077.6687,4711,106,1,0
4,16,818.0715,1024.0863,5708,108,2,3
2,1,945.8395,514.6325,4852,117,0,1
3,1,509.3623,349.5072,6671,139,1,0
2,7,969.6812,917.4203,4627,128,0,0
2,3,506.7321,466.5638,5598,119,1,1
2,6,1013.885,1236.2693,6520,156,1,0
0,6,721.7507,980.4451,5190,149,0,0
3,6,1004.0653,1003.8872,5113,128,0,1
2,6,698.5524,543.0724,5129,143,0,0
1,6,447.9764,323.4564,4842,128,0,0
5,7,584.0853,595.9246,5621,107,2,2
2,2,895.5379,805.8503,4795,111,1,1
3,3,873.9482,943.057,5674,122,1,1
1,6,722.6736,600.0933,4356,85,0,2
3,6,755.2415,724.594,4671,123,0,1
0,2,668.6023,894.9126,5293,139,0,0
0,3,565.4019,499.4534,4952,141,0,1
3,7,743.6334,574.5659,5875,142,0,0
2,5,640.7089,938.4684,4799,123,0,0
5,2,444.7025,455.6203,6111,151,0,1
0,0,718.6199,1169.4085,4110,103,0,0
3,5,657.0756,604.9617,5722,135,1,1
2,11,567.5866,740.6436,4468,109,0,0
0,2,989.703,1129.3812,5441,142,0,1
1,3,585.1591,627.136,5809,122,1,1
4,14,954.2141,1224.2719,5270,133,1,1
4,8,947.5083,712.5581,5407,117,2,1
1,3,442.7575,409.0033,5641,133,0,0
7,4,904.1193,805.0216,4586,116,0,0
3,7,815.6846,1072.2793,5654,132,0,0
4,6,845.5417,868.3375,5244,122,1,2
2,7,920.9685,735.9661,4969,142,0,0
3,6,892.0051,1135.3512,4376,113,0,0
3,7,782.3755,1057.599,5570,139,1,1
1,6,803.3127,909.7651,5749,133,0,1
4,4,823.9308,757.157,5362,139,0,1
1,4,561.0461,491.6603,5488,122,0,1
6,0,979.405,772.2265,5192,111,2,0
1,4,1075.5556,531.4141,5595,148,1,2
2,14,856.4646,1836.8687,5095,122,1,3
3,0,596.8865,532.9024,4797,122,0,0
7,3,749.1029,1285.3298,6827,145,3,0
0,0,646.9863,564.9315,5640,139,0,0
1,5,439.6233,365.3767,5010,129,0,1
0,4,714.3448,609.3517,4864,127,0,1
2,8,796.7724,1156.3862,5641,141,0,0
1,1,1090.6316,649.8044,4386,114,0,0
4,6,839.2957,436.4338,4910,118,1,1
3,12,683.657,1413.6816,4804,129,0,1
3,6,1087.5111,993.445,4942,128,0,1
2,8,885.1619,817.1938,5331,140,0,2
1,0,774.2281,996.2084,5048,125,1,0
4,2,565.3444,358.4022,4250,96,0,2
3,13,1236.6391,1182.0386,4962,105,1,2
1,8,644,835.9292,4679,123,0,1
0,1,847.823,735.0442,5563,150,0,1
1,6,704.9857,1134.3947,6065,134,1,0
3,3,888.7607,862.4214,4919,122,1,0
3,8,715.4478,747.3881,5785,134,1,3
0,1,752.2761,523.8806,4810,133,0,0
4,12,1038.4272,1262.4849,5381,131,0,2
2,3,563.7599,341.9079,4884,136,0,0
2,8,760.4348,773.8043,5310,126,0,4
0,2,670.9565,604.2717,5189,139,0,2
1,4,921.1765,1069.5,5816,140,1,1
1,8,694.4118,1502.0294,5134,132,0,2
0,1,817.5112,634.3328,5016,124,0,0
2,6,938.8306,995.5022,5849,134,0,3
2,0,667.45,727.1113,5223,130,1,0
2,3,484.0944,1240.2052,5022,124,0,1
1,5,796.4036,658.2122,6593,156,1,1
0,1,641.8087,1254.9503,4951,124,0,1
2,9,474.019,464.3354,6208,147,1,2
1,3,690.7911,554.8418,4581,86,1,2
4,12,765.7938,898.9009,5009,120,0,5
1,0,977.0963,626.7843,5130,133,1,0
2,14,932.4211,2269.7474,4614,125,0,0
1,5,1371.3895,2187.5579,5689,158,0,0
2,5,701.9697,702.7576,5293,152,0,0
0,0,466.8182,930.6364,4595,120,0,0
2,11,603.736,1652.5067,5078,128,1,1
1,3,404.066,491.4316,4846,125,1,1
1,6,930.267,987.822,4746,115,1,1
4,6,565.096,581.6206,5004,106,1,3
2,7,791.8062,1499.8532,4907,124,0,2
0,7,1052.5991,1213.8913,5747,153,0,0
5,6,625.2498,478.6911,5874,140,0,1
1,2,1179.3103,1096.0873,4395,118,0,0
2,1,733.1183,623.4716,4386,93,1,0
5,6,588.2642,592.9954,5917,132,3,1
1,9,422.3281,415.9973,6290,139,0,2
0,1,937.4541,1046.7937,4553,120,0,0
0,0,859.0464,772.5931,4566,120,0,0
2,9,1141.646,1051.1561,6512,150,1,3
3,11,836.6772,542.1882,4542,113,0,0
0,3,822.2242,666.4836,6209,143,0,1
3,4,714.6524,620.7487,4628,121,0,1
3,3,757.5045,613.4046,4834,118,1,0
5,9,842.4913,1028.3353,5648,120,2,3
4,4,707.9627,999.5111,5301,119,1,2
1,2,564.5332,337.7953,4937,117,0,1
3,4,665.5681,891.3611,6860,150,1,1
3,7,828.8393,699.0476,6372,124,2,1
1,4,581.875,385.119,4201,99,0,1
1,10,470.7081,652.8497,5139,120,0,2
2,1,729.6718,911.3644,5358,135,1,0
1,8,842.9344,591.3003,5013,111,1,1
2,13,825.5006,1834.4534,5735,117,1,2
4,8,1135.9753,1002.3966,5123,130,0,1
3,8,625.3598,481.016,5449,118,1,4
0,8,766.297,1454.2148,4432,110,0,2
7,7,923.2183,966.677,4882,133,0,1
2,3,473.454,288.356,4891,122,1,0
4,8,667.3605,471.1916,5170,109,1,2
3,8,765.2998,776.6187,4675,123,0,0
8,6,861.8705,955.4916,5566,120,2,0
1,1,608.329,454.2108,5566,140,0,0
3,6,600.0308,644.9769,5074,136,0,0
3,7,853.5655,1087.8274,5066,123,0,1
3,3,1410.9356,1577.2141,6544,147,1,0
6,14,1116.0437,1286.1392,6163,114,2,1
3,8,991.3233,1733.5061,4847,115,0,1
0,5,892.9258,886.4738,4983,126,0,1
6,7,1139.214,738.4061,5662,141,0,2
1,0,543.1541,485.3293,5492,119,1,0
4,5,898.1148,834.9245,6109,139,2,4
7,1,649.2515,510.0736,5303,141,0,0
3,3,407.0798,341.4479,5507,114,2,1
2,8,459.9197,382.8199,6274,139,1,0
3,1,588.8911,578.5349,4584,120,0,0
6,8,932.1703,720.0924,5598,110,2,1
0,10,818.1119,957.999,5155,112,0,2
3,8,382.5125,332.2513,5914,154,1,0
0,1,791.7065,550.6392,4052,90,0,0
5,4,540.3304,377.4851,6301,148,0,0
0,1,474.9335,346.5902,5256,148,0,0
0,7,583.3858,480.5464,5074,138,0,0
0,3,554.4785,342.1192,4996,139,0,0
1,4,538.2119,342.5166,4685,107,1,1
2,7,787.2185,564.106,5335,109,2,3
3,7,882.3573,929.5764,6852,142,1,1
4,1,1006.2247,1075.7643,5105,121,2,0
3,9,1091.2294,1313.4601,5519,148,0,0
1,8,784.1318,2599.2142,5336,121,1,2
0,9,840.6,1892.6333,4301,110,0,0
1,1,795.4667,734.7,5516,141,1,0
3,6,1424.8415,1368.1268,6116,138,1,1
3,15,1231.6715,2659.0202,5888,123,3,0
1,6,815.2912,630.4033,5077,105,1,1
2,2,939.055,1600.6925,4432,105,0,0
0,9,587.3044,988.7231,4774,114,0,3
1,4,1198.8812,1232.274,5899,135,0,2
1,4,969.5843,939.7384,4617,127,0,0
1,4,670.5371,781.6534,6469,158,0,0
3,2,912.375,818.4643,4407,106,0,1
4,6,677.4911,848.5982,5283,118,1,1
0,9,1004.5536,1460.4291,4991,112,0,3
1,2,1139.9585,958.173,4965,117,1,2
2,1,716.3933,778.9096,4923,132,0,0
1,5,849.3383,1038.5368,5136,149,0,0
4,7,993.0056,971.9382,5551,137,1,2
5,5,1028.2584,1412.1067,5946,130,2,1
3,7,818.221,2354.3528,4687,127,0,0
8,9,987.3656,1370.9387,6510,153,1,0
1,8,771.2012,932.4805,4860,122,0,5
1,9,903.6817,813.1981,5076,124,1,0
2,8,652.2519,581.7503,6700,140,1,1
0,0,464.5678,390.9925,4449,112,0,0
0,9,498.9848,893.3333,4636,128,0,0
2,2,571.3706,903.8579,7476,153,2,0
2,5,716.5342,1246.1367,5098,141,0,0
0,3,536.5342,1035.1033,4692,127,0,0
4,6,743.9036,1082.6683,5547,120,3,1
0,4,1278.7894,919.79,4925,127,0,2
1,1,584.5541,450.7908,4980,127,0,1
4,5,608.5474,517.8575,5612,124,1,4
4,7,1293.5813,1315.6142,5319,133,1,1
2,10,939.2647,1290.519,4690,117,0,3
1,7,384.8488,1095.4364,4145,101,0,0
4,2,444.6435,361.3006,6104,136,2,0
3,1,641.6298,481.4319,5702,140,1,0
3,6,455.2736,1030.3027,4546,112,0,1
2,2,1139.1451,2119.0607,5116,119,2,0
3,5,807.1346,670.4802,5020,126,1,0
4,3,682.1344,463.7154,5370,104,1,1
4,6,437.1146,255.6522,5378,107,2,1
0,2,594.1765,664.6176,4088,90,0,1
3,9,404.2059,367.0882,7541,143,2,4
3,4,651.9155,431.9155,5737,125,1,2
3,2,731.5211,668.7887,5120,121,0,0
3,14,752.9449,794.4374,4752,93,1,3
7,2,783.8069,871.0056,6209,131,4,0
0,3,501.8151,1114.7012,4762,133,0,0
1,7,641.8038,676.5051,5331,143,1,0
1,8,476.4407,423.5593,4715,106,1,2
3,1,844.8501,662.7771,5164,129,1,0
2,0,649.3037,465.8463,4959,113,1,0
4,2,455.3301,326.0024,6588,146,1,0
1,12,843.6875,868.6957,4526,108,0,1
2,19,963.4129,2077.7378,5253,137,0,1
0,2,525.429,304.8986,4615,126,0,0
2,9,812.4181,829.0484,6700,130,1,2
2,8,511.6975,474.6605,4878,126,0,1
0,3,722.7469,651.2346,4943,139,0,0
0,4,889.6076,1445.2774,4573,123,0,1
0,7,490.6901,626.1976,5305,136,0,5
3,14,656.1117,1413.667,5048,116,0,3
3,1,617.1654,273.4457,4682,115,1,0
0,2,744.9946,672.2535,4655,122,0,0
2,7,624.2145,1306.0238,4538,120,0,0
4,4,1119.5394,1578.2019,5424,120,2,0
3,6,1058.9814,1029.7254,5143,124,1,1
3,7,719.4563,517.2601,5700,131,2,2
2,2,937.2281,1689.467,5110,113,2,1
1,11,754.5589,1929.4781,4689,119,0,1
3,2,917.9861,1045.164,5017,137,0,0
2,3,891.6874,622.5222,4607,112,0,1
0,13,950.8703,1078.0817,4290,101,0,2
1,4,562.0714,583.0714,5050,136,0,0
0,0,657.6122,311.5714,4884,141,0,0
3,6,622.0884,443.4141,5992,143,0,2
3,10,697.0349,882.1454,5279,145,0,0
4,10,1102.7359,1151.0677,5816,134,0,1
4,4,868.0553,2045.4909,4919,129,0,0
2,5,1033.1376,1695.8807,4596,100,1,1
2,8,1065.8807,1261.0395,7318,136,1,2
2,4,814.0396,1079.198,5061,117,1,1
2,5,633.8317,538.7822,5056,123,0,1
4,5,809.4997,721.0747,6431,122,2,0
1,1,736.4917,1084.1507,4423,96,1,0
2,5,616.8155,674.7722,5482,120,1,3
1,9,307.4551,188.9462,4259,99,0,1
2,6,958.6082,2341.3616,5553,127,2,3
2,1,846.1422,630.7716,4385,116,0,0
1,0,733.0687,575.7618,5719,137,1,0
1,3,408.1223,278.1116,4608,122,0,0
8,4,778.8218,597.6149,4916,124,1,0
0,7,947.931,898.0747,4389,110,0,1
0,1,659.5909,407.3523,4347,104,0,0
3,8,441.75,273.3068,6633,148,1,2
5,9,709.1142,780.4482,6535,108,3,2
1,2,616.809,435.7204,5360,124,1,1
2,6,641.5098,1739.0253,4776,105,1,1
0,0,692.1644,625.0549,4486,120,0,0
2,10,853.1465,1728.3822,4718,106,0,3
3,0,923.4268,790.0127,5124,79,3,0
3,9,618.0619,1037.0412,4798,105,1,1
2,2,516.7423,442.2062,7501,150,2,0
0,3,1048.6905,788.3631,4322,103,0,0
9,6,1056.6667,896.8452,6729,131,3,2
1,9,611.1906,597.6699,5761,127,0,1
1,2,711.2008,628.4211,4616,116,0,1
3,5,543.2009,541.7367,4863,122,0,0
0,1,429.2963,365.1078,5367,139,0,1
2,2,488.4813,312.7693,5205,147,0,0
4,11,656.9732,980.3994,4958,132,0,0
0,5,788.1685,623.0155,5305,143,0,0
1,14,725.0554,1800.7184,4584,129,0,0
1,7,1294.5889,1528.4006,4454,110,0,1
6,11,969.9851,894.8281,4988,116,0,3
3,3,594.8333,463.25,6449,138,3,1
7,8,615.0556,905.3056,4341,108,0,1
3,10,940.1789,1421.8307,5320,123,2,1
1,2,1022.6015,730.4886,4825,124,0,1
1,5,1068.5615,1009.5754,5058,142,0,0
1,14,424.8354,667.0971,4947,137,0,0
5,7,938.33,1258.666,5395,126,2,1
2,4,685.4051,1636.1265,5393,129,1,0
0,7,545.2898,821.9112,4460,117,0,0
1,4,698.1381,614.7226,5145,122,0,2
1,8,845.0921,1141.8332,4966,148,0,0
0,1,747.2066,1465.3443,5241,121,0,1
2,9,818.7673,2324.0503,4822,131,0,0
0,1,1113.8113,1181.9874,5331,157,0,0
0,2,979.1658,852.5738,4921,140,0,0
0,8,855.9919,2064.6897,5214,138,0,1
0,15,677.5642,950.2914,4897,138,0,0
7,9,1010.6568,1114.0844,5327,138,0,0
4,8,1018.988,1074.1012,4943,126,0,0
1,4,510.5928,485.494,5143,142,0,1
2,12,869.7073,900.4837,5893,115,1,2
3,6,485.524,349.4357,5521,120,1,0
3,1,634.7864,494.2462,4929,107,2,0
0,8,764.0201,501.6709,5461,121,0,1
4,4,754.9844,529.1589,5690,139,1,0
2,3,947.1651,1099.4393,4942,118,1,1
1,2,845.4987,887.7898,4685,122,0,0
2,10,957.372,631.6577,5912,146,1,2
1,8,423.5785,393.34,5628,136,1,0
0,0,365.9344,217.336,4966,138,0,0
0,5,512.2054,828.273,5114,144,0,0
0,0,703.8623,888.3431,4652,126,0,0
0,5,672.447,948.3782,5096,139,0,1
1,7,523.0831,685.5473,5290,149,0,0
0,7,945.1709,891.4812,5069,129,0,1
4,8,915.4864,1380.0789,4672,104,1,1
7,6,664.514,502.7696,6596,132,3,0
0,0,637.6698,564.8069,4448,114,0,0
4,9,542.2887,491.5596,4763,125,0,0
3,0,773.887,733.6456,5878,140,1,0
2,11,832.5794,2001.3378,4801,127,0,1
1,8,877.8537,1555.3802,5124,128,1,0
6,9,478.6547,344.2265,5675,130,2,2
1,2,690.639,556.6816,4592,90,1,1
0,0,479.1868,540.5657,5178,137,0,0
0,3,636.5586,431.703,4882,133,0,0
0,6,406.2028,559.7614,4525,118,0,1
3,1,567.2366,425.6859,5014,128,1,0
2,3,1160.992,2034.816,5277,146,0,1
1,3,743.616,714.688,5202,143,0,0
0,5,569.907,1052.1017,4801,120,0,1
3,3,786.6584,501.6119,5093,138,0,0
2,7,653.4368,1143.459,5379,143,1,1
1,3,883.5033,2368.4922,4884,132,0,0
0,1,556.1511,1174.4245,4787,128,0,0
3,2,775.8993,1236.5468,4953,138,0,0
2,6,916.9965,1322.142,4159,94,0,0
3,8,961.8161,1102.7008,6509,137,1,2
2,11,493.5126,399.6303,5699,127,1,3
2,4,900.1681,574.1849,5501,132,1,1
3,1,972.267,599.2063,5416,102,2,0
7,9,522.6819,345.3157,7393,137,5,5
0,2,880.8856,840.2837,5037,139,0,1
2,8,829.1144,1369.9398,4975,131,0,1
1,2,840.4125,662.625,5254,121,1,1
1,6,853.2,820.6875,6056,136,1,1
4,4,533.8484,316.9837,6025,123,2,0
1,0,936.0178,541.6493,5043,124,1,0
1,8,910.2128,736.117,5363,142,0,3
0,2,745.9468,835.6915,4696,123,0,0
2,0,710.3878,497.5102,5367,148,0,0
2,7,880.1939,1991.1122,4558,118,0,0
2,0,786.8037,874.5756,4929,124,1,0
6,8,843.1432,556.7905,5336,125,1,1
3,6,673.5738,666.5574,6278,148,1,0
0,5,542.918,927.4426,4480,110,0,2
2,7,951.4606,967.9917,6564,158,1,1
1,3,529.8672,409.3195,5147,139,0,0
1,9,503.1729,407.1335,6088,143,1,1
0,2,723.6761,516.5317,4485,119,0,1
1,3,550.8401,331.6397,4691,110,1,0
5,7,594.5344,601.002,5693,115,3,2
6,7,888.6116,432.9958,5307,131,0,1
0,11,1120.8494,1350.9115,4383,112,0,2
0,3,702.1282,787.3197,4212,101,0,0
2,11,817.9875,561.024,4754,114,0,4
3,7,595.1961,774.0999,4632,122,0,0
0,8,1095.798,1642.6975,4864,113,0,2
1,7,713.5176,820.2211,5910,136,1,3
1,1,689.0653,804.5729,4280,103,0,0
5,6,339.4831,477.4354,5629,136,0,2
1,1,746.4215,584.1948,4611,118,0,1
6,5,724.4804,842.8684,5115,134,0,0
2,4,452.2876,383.0186,5029,138,0,0
7,6,687.7985,1031.424,6044,142,1,0
1,6,1080.4046,2380.6743,4610,105,0,4
3,3,644.3812,484.7414,5018,121,1,0
2,4,629.0761,523.1261,5542,125,1,1
1,1,839.2446,551.9424,5383,136,1,0
5,5,676.7626,456.9424,5563,110,2,1
2,7,575.3366,518.5222,4900,119,0,0
2,0,354.6798,243.2512,4913,115,1,0
0,4,831.6129,825.1613,5266,128,0,1
1,7,802.5484,1575.9032,5764,128,1,0
3,11,827.6411,808.5673,4810,112,0,2
2,7,761.3025,544.8915,6124,122,1,4
0,0,683.953,918.1802,5055,134,0,0
1,3,568.9682,1050.3004,4706,126,0,0
1,5,609.7667,1140.4044,4741,111,0,0
1,1,427.9316,306.4386,5754,131,1,0
3,2,409.0016,275.2456,5495,136,1,0
1,10,890.1426,1684.5959,5248,140,1,0
1,3,660.0857,1972.9714,4521,114,0,1
0,1,746.9143,866.2,5027,122,0,0
4,9,1060.8484,1436.4283,5165,127,0,1
2,9,579.8632,519.9247,4483,114,0,1
0,4,853.767,943.8202,5237,133,0,1
0,10,763.3944,1500.0355,6102,148,0,1
2,9,481.6029,591.5154,5331,155,0,0
3,1,779.0603,970.9166,5419,154,0,0
2,3,602.8817,460.3438,5840,124,1,1
3,7,564.4489,696.8857,4744,97,1,1
7,5,413.0435,461.8435,5882,143,2,0
0,4,392.6261,255.7913,4454,109,0,3
0,1,534.9474,338.6105,4785,133,0,1
2,11,547.4105,557.6421,6508,132,1,5
4,3,380.075,222.7392,6843,151,2,1
1,1,744.2026,460.1876,4480,121,0,0
1,12,904.2073,950.8014,4919,118,0,0
3,1,911.1847,820.2178,4800,130,0,0
5,2,679.3595,611.3862,6452,158,1,0
6,6,591.4532,672.8489,4948,126,1,0
0,3,591.3608,533.5996,6087,134,0,1
0,11,260.3073,233.9947,4802,132,0,0
0,2,648.0206,432.46,4760,127,0,0
3,11,815.8696,588.9474,5466,123,1,1
1,4,761.8146,646.2722,4629,111,0,0
0,1,431.6765,276.0158,4544,119,0,0
1,0,806.6466,847.3684,5085,143,0,0
2,10,634.5564,783.4586,4372,104,0,0
7,2,789.5827,697.7434,5706,142,1,0
2,1,651.2828,663.8949,4731,110,1,1
0,0,505.0664,354.5761,4545,118,0,0
2,2,220.9704,180.5209,5685,150,1,0
9,7,375.21,233.4524,5195,129,0,1
4,4,702.3563,668.3438,4872,121,0,1
5,8,546.2837,461.1185,5859,123,1,1
5,6,549.7306,421.9217,5066,108,2,3
4,5,692.5684,530.6948,4785,129,0,0
1,4,563.1017,616.19,4732,108,0,2
3,2,607.2079,430.3762,5067,95,1,1
4,3,565.1485,458.4554,5651,130,2,0
3,9,659.0189,648.9934,4866,109,1,2
4,2,752.8053,854.7471,7002,145,2,1
0,0,659.5504,614.3862,4830,134,0,0
5,9,581.2911,426.6744,5628,121,2,2
0,3,695.1052,754.1528,4918,123,0,0
1,4,629.3909,804.2968,4981,140,0,0
3,5,677.4389,775.2179,5836,130,0,0
5,13,798.1403,763.2944,5184,133,1,1
4,11,697.8175,679.356,5490,139,1,2
0,5,675.6351,442.0036,4852,130,0,1
0,1,762.7656,331.3997,5392,140,0,0
0,10,463.6762,315.683,5381,154,0,1
1,1,963.5522,749.4833,4649,125,0,0
3,7,517.3305,352.4112,6643,139,2,1
0,8,359.9501,246.5808,5984,137,0,1
0,1,618.0723,469.2065,4668,121,0,0
0,6,515.7856,390.9301,5220,143,0,1
2,0,544.288,496.3636,5134,133,1,0
4,7,961.6653,1013.3886,6889,154,1,2
2,6,865.2527,1080.3728,4561,120,0,0
3,7,701.2078,399.8934,4848,109,1,2
0,2,729.627,457.6554,4601,110,0,1
2,3,799.4044,625.8449,5656,153,1,1
4,5,474.5983,344.0859,5572,137,2,1
2,6,736.9801,1022.5926,5971,136,2,0
3,3,642.3362,678.1481,6445,118,2,0
2,4,789.5298,892.0537,5235,143,0,0
4,8,699.5873,700.4798,5413,136,1,2
4,8,490.7686,249.2979,6684,151,1,2
1,5,468.4337,427.528,4775,107,1,3
3,1,576.5127,382.8637,5020,123,1,1
2,6,457.8291,348.0831,5494,150,0,0
1,10,700.8934,833.4985,6878,138,1,2
2,1,598.222,567.7576,5000,123,1,0
3,3,586.3467,437.7245,5997,143,2,1
4,6,735.8626,733.405,5132,121,1,3
2,2,916.7296,868.8309,5998,135,1,0
1,4,673.9092,715.9984,4293,108,0,0
4,3,702.7875,580.9875,5883,131,2,0
2,9,777.7875,443.025,5335,126,1,2
3,1,906.845,774.5482,4637,125,0,0
5,9,705.9162,697.6779,6428,134,0,2
4,3,750.406,896.9202,4566,112,0,2
1,3,943.4811,876.2576,6714,153,1,1
1,3,888.7753,512.893,5168,123,0,1
7,7,708.9778,690.8968,5512,144,1,1
2,4,843.899,727.4758,4794,129,0,0
1,0,675.4028,850.2793,5028,118,1,0
2,6,715.1045,641.2443,5203,136,1,0
2,16,929.0974,1064.3957,5958,141,1,3
6,5,973.3844,898.8798,4882,121,1,0
3,11,696.3332,588.1379,4814,132,0,2
7,7,656.246,581.93,5098,113,0,2
2,2,522.3118,329.4592,4769,122,0,0
1,1,801.3904,606.4171,5541,148,0,0
6,4,616.0071,482.3173,5472,144,0,0
2,5,928.8101,1137.1646,5818,148,0,1
3,3,510.0253,489.2152,5172,142,0,0
0,0,517.5685,398.1588,4948,135,0,0
2,5,560.7871,379.1005,4847,128,0,0
1,2,524.4702,651.0017,4768,129,0,0
5,3,579.9884,505.1882,6553,143,1,1
1,8,626.3239,585.6236,4422,116,0,0
0,3,662.6915,485.3829,5468,142,0,1
3,5,477.4707,397.8122,5595,150,1,0
0,0,423.9701,429.8933,5002,139,0,0
1,0,635.0181,446.5665,4462,107,0,0
5,5,439.6375,426.7115,5832,147,1,1
4,4,435.3853,273.8014,5569,125,2,0
4,5,801.3185,681.3442,4756,103,1,0
1,1,533.8946,451.5806,6421,131,1,1
2,6,479.938,531.8182,4389,101,0,0
2,5,672.123,666.2079,4442,112,0,0
0,2,679.4436,454.5242,4687,124,0,0
3,6,632.8271,396.0865,4877,120,0,2
1,3,519.1796,293.082,5485,133,0,1
2,7,625.8018,530.6306,5200,132,0,1
1,4,566.2703,570.3063,5758,136,0,3
1,2,911.6376,611.0738,4432,102,1,1
7,7,1090.0671,879.5839,7911,124,6,0
3,3,678.4994,892.8413,5833,151,1,1
1,7,794.2435,966.7159,5046,144,0,1
3,9,476.2998,401.926,5328,138,0,0
3,6,857.0066,1202.8605,5605,132,1,1
4,5,627.386,539.8646,4497,109,0,0
2,10,531.1693,485.7427,5193,113,1,3
3,11,719.6959,707.3311,5358,137,1,2
4,2,879.7635,730.2703,5435,127,1,0
1,2,682.7309,536.1271,5005,130,0,0
5,8,501.9861,288.0536,5035,141,0,0
1,1,824.9843,980.9718,5892,119,1,1
4,7,587.0846,961.7241,5419,131,2,1
8,6,726.8778,862.2293,6442,145,1,3
0,3,628.0811,402.6346,4688,124,0,2
2,4,894.4068,597.9661,5564,115,1,3
1,3,924.6247,968.0266,4566,89,1,1
2,7,903.673,1066.6639,6228,165,0,1
3,6,816.6064,941.2654,5252,147,0,0
1,0,789.1378,706.18,4855,136,0,0
8,3,763.8011,665.5884,5663,126,3,0
0,1,913.1652,649.9191,5141,132,0,0
3,2,706.3494,647.5202,5318,140,0,1
0,0,933.5229,705.1817,4528,119,0,0
7,1,700.9795,604.4234,5646,131,1,1
3,5,685.4518,652.1059,5113,134,0,2
4,3,689.1267,648.7713,4783,127,0,0
3,5,685.4518,652.1059,5113,134,0,2
4,3,689.1267,648.7713,4783,127,0,0
5,8,405.4644,528.5932,5934,130,1,2
0,0,820.5758,799.7827,4143,99,0,0
4,2,496.0109,362.5435,5894,132,1,1
1,1,507.587,292.1087,4509,116,0,1
1,5,552.2956,562.8616,5122,134,0,3
4,10,949.0252,549.717,4992,115,1,1
4,4,349.1699,318.6776,5566,142,0,0
2,2,879.0058,582.6255,5312,154,0,1
6,6,346.119,209.0935,5587,130,1,4
2,4,449.2635,223.3144,5143,123,1,0
4,2,843.2598,801.7536,5437,151,0,1
7,6,605.035,623.6902,4559,119,0,0
1,0,902.3635,662.1272,5339,134,1,0
3,1,544.018,563.973,5788,156,1,0
2,5,641.9718,582.169,5554,133,2,1
6,6,706.0563,610.2254,6063,132,3,0
0,2,782.7063,539.7847,4689,128,0,0
11,4,865.4331,1037.0067,5470,141,1,0
3,3,639.3597,457.8622,5124,138,0,0
1,0,581.6712,313.8036,4870,124,0,0
2,6,659.0431,576.4678,5737,117,2,4
3,10,663.8984,533.9752,4898,109,1,4
1,11,873.2946,793.6071,4863,129,0,1
2,9,876.75,755.5179,5172,128,0,1
1,14,688.2711,822.7866,6027,143,0,3
0,0,1044.2052,690.171,4398,122,0,0
8,12,683.2739,718.5366,6083,141,2,1
2,1,748.9587,599.5779,4882,126,1,0
0,0,727.4234,305.2613,4365,113,0,0
5,5,704.4324,534.6306,5614,144,0,1
8,7,871.1794,829.1278,6725,134,3,1
0,0,1067.9484,600.2211,5630,145,0,0
5,4,653.8643,522.2097,7101,139,2,2
2,0,623.1244,410.9969,4212,109,0,0
2,1,656.892,559.6225,4913,131,0,0
2,7,610.0088,422.7392,5314,138,0,1
7,8,472.1819,408.3802,6180,139,2,3
0,3,626.7961,503.6382,4192,99,0,0
7,6,656.724,693.3209,6097,138,3,0
2,3,725.7891,623.7846,5048,137,0,0
1,5,555.4831,541.6388,5185,134,0,1
1,1,548.4386,659.7065,4393,110,0,1
0,1,428.0346,335.6517,5026,140,0,1
0,3,468.8493,394.7047,5202,127,0,0
1,6,852.6899,880.5647,5430,127,0,0
1,3,887.7105,720.924,4941,131,0,0
4,0,1052.1923,911.4762,4846,107,2,0
4,9,715.4978,608.0628,5529,134,1,4
6,11,839.2093,771.049,5406,109,2,1
3,3,580.4217,456.8793,5314,104,0,2
2,3,901.3268,849.0221,5411,119,1,1
2,6,687.5381,555.9803,6402,127,1,1
3,9,792.8843,570.9224,6402,129,1,3
2,1,766.2079,909.8682,4705,123,0,0
2,6,793.7884,680.7638,4349,103,0,1
8,7,1241.6087,1120.5542,6855,153,2,1
3,2,656.5396,435.757,4658,106,1,2
7,7,827.1782,706.2513,5430,115,2,1
4,14,846.9474,1257.3947,4986,116,1,3
2,5,932.1579,617.2368,4926,133,0,2
1,4,830.131,600.8151,4975,126,1,0
5,6,664.3668,672.3435,5408,127,0,2
1,3,862.6154,744.8,4953,136,0,0
0,12,787.6,780.0308,4416,109,0,1
1,3,869.9421,690.8977,4980,122,1,1
4,2,392.056,288.5328,5282,135,0,0
0,1,468.3412,273.3768,4763,121,0,1
4,7,285.9953,186.9668,6297,136,2,2
5,5,1007.0671,1169.7655,4771,132,0,0
2,11,1210.0699,1166.5323,4766,127,0,1
1,0,840.7559,700.5039,6681,157,1,0
4,2,508.7244,444.9449,5218,113,1,0
3,6,813.8732,967.4745,6008,133,1,0
4,2,971.8573,641.9592,5530,128,1,1
1,3,732.6675,444.8325,4996,135,0,1
0,0,719.3541,773.5048,4999,137,0,0
1,6,605.9263,896.0826,5489,148,0,2
0,0,721.1384,713.6049,5001,145,0,0
5,5,860.5578,751.1056,6886,151,3,3
0,1,786.8127,888.4661,4930,119,0,0
8,5,421.7427,289.388,6252,149,0,2
2,1,829.4502,633.61,5089,129,1,0
6,8,484.2783,385.0783,6373,142,2,1
1,1,808.313,517.9478,5095,116,1,1
1,0,937.2253,1244.8352,5153,138,0,0
3,7,555.0275,441.978,5317,147,0,0
2,5,852.3344,610.9226,5619,132,0,1
0,0,524.322,361.7833,5009,128,0,0
7,10,962.9442,1080.1827,5405,122,2,2
2,6,1231.2081,1193.6447,5320,143,1,0
4,6,662.9318,702.9545,5447,140,1,0
0,1,666.3068,640.8068,4780,132,0,0
2,11,705.1025,760.1848,5485,137,1,2
0,5,686.7577,951.7316,5045,131,0,2
0,8,902.8514,1261.6808,4943,136,0,0
7,7,562.4812,587.7839,5479,143,1,0
0,2,817.8424,539.2173,4980,125,0,0
5,11,568.0883,353.0457,5784,143,0,2
1,4,749.779,736.5892,4909,123,1,0
4,10,1184.8385,793.0198,6755,146,0,1
0,4,689.4459,489.4037,4929,136,0,1
1,12,685.8047,512.3272,5479,140,0,1
0,7,567.9269,356.1622,4936,122,0,3
8,8,1079.7601,888.2125,6120,136,3,1
0,9,523.7534,482.2842,5460,138,0,1
2,0,751.2064,463.1099,4930,120,1,0
0,2,694.1591,485.7273,5255,145,0,0
4,4,655.9432,417.8523,4529,120,0,0
0,1,718.8778,649.0982,5011,131,0,0
3,4,412.024,257.9559,5591,138,0,1
0,3,846.0421,502.3709,5742,116,0,3
7,5,763.4034,547.5335,5876,91,4,0
3,7,1095,960.297,5749,116,2,3
7,8,812.4257,848.4158,5027,130,0,0
6,5,490.1853,349.0636,5690,124,2,0
3,3,848.8633,1130.7461,5946,124,2,0
1,4,848.722,579.5122,4733,126,0,0
0,3,781.2878,626.9854,4538,115,0,1
1,5,530.1548,528.9164,4924,123,0,1
0,2,595.7585,594.3344,5141,146,0,0
2,3,475.9305,332.6906,5191,140,1,0
7,7,754.7422,620.3812,5107,106,2,1
3,0,834.1324,757.6128,5171,152,0,0
0,4,532.6279,465.7071,5320,148,0,0
1,3,581.8638,486.5765,4852,127,0,0
5,6,835.3356,657.7113,5428,108,1,0
1,10,698.6227,641.457,5733,150,0,2
0,4,586.2379,498.4064,4879,134,0,0
6,13,1011.7313,1002.8177,5731,129,1,0
2,6,817.3129,865.5432,4613,123,0,0
10,4,775.1057,748.4955,5757,140,1,1
2,2,637.7039,469.1601,5102,137,0,0
1,3,520.8659,385.8817,5294,135,0,0
4,7,838.6695,797.6769,5412,125,1,2
4,9,261.0811,265.7775,5997,138,1,2
1,5,725.623,1022.5693,4860,102,1,1
4,2,899.5401,511.0662,5323,119,2,1
3,0,618.1045,448.6829,5509,115,1,0
8,10,753.0435,918.6473,5250,114,2,1
1,3,769.5974,613.913,5108,137,0,0
2,8,650.469,549.8033,5317,135,0,0
3,4,503.298,510.1059,5006,142,0,0
2,8,636.8852,583.134,4648,118,0,1
0,1,650.6557,517.9556,4869,134,0,1
2,5,650.0238,543.373,5426,115,1,0
3,5,707.737,588.8518,5655,142,2,2
5,12,705.4065,454.7741,5828,125,2,3
2,2,737.0535,438.4295,4896,121,1,2
3,9,424.0789,329.8599,6403,111,2,2
1,0,502.6362,369.2475,5394,120,0,0
7,6,1026.4785,871.129,5820,121,2,2
0,6,778.9785,580.0538,4486,110,0,1
7,4,554.6208,398.4077,6313,134,2,0
3,0,530.0592,465.9279,4675,127,0,0
1,8,488.9467,349.1716,5969,134,0,2
3,0,563.6095,546.6391,5451,123,2,0
5,5,453.2197,799.5506,6220,149,1,2
1,1,750.0349,923.3165,4717,117,0,0
4,6,676.0526,620.7177,4328,88,1,1
0,4,489.7368,246.6507,5073,147,0,0
0,1,721.7314,612.1196,4326,104,0,1
7,6,778.5834,708.2896,7003,125,5,2
0,1,608.9126,421.0426,4244,110,0,0
4,13,1091.9058,1168.722,6949,139,2,4
4,4,791.2052,837.9301,5937,134,1,0
4,5,848.2245,1002.0607,4715,127,0,0
3,8,808.0808,697.7778,4628,118,0,1
1,7,861.9949,787.803,5557,136,0,0
1,6,356.0703,294.7923,5501,124,0,0
3,5,685.1757,614.0575,5314,129,1,2
5,6,429.009,273.6036,5332,135,1,0
1,0,749.2793,789.1892,4948,117,1,0
1,3,784.7917,667.4167,5727,141,1,2
1,12,778.75,844.1667,4795,98,1,4
1,2,383.4945,189.2044,5700,147,1,2
3,7,589.7036,572.6989,4943,109,1,2
5,3,549.5486,412.6736,5893,160,1,0
0,1,764.7917,605.7292,5107,146,0,0
3,7,611.7563,432.5467,5743,139,1,3
1,10,774.2371,535.1592,5017,122,0,2
0,2,714.93,589.972,4951,146,0,0
0,0,667.8992,784.2297,4695,129,0,0
1,3,952.1609,779.0506,5776,140,1,1
0,8,530.6148,1035.9222,4382,108,0,1
4,4,870.4423,1507.0334,5303,128,1,2
3,4,1091.4563,1543.2362,4910,140,0,0
2,11,761.2227,1126.4558,4987,132,0,0
2,3,846.3873,1026.2078,4875,135,0,0
3,5,745.8535,928.9759,4764,118,1,0
2,4,1043.7802,986.7527,5874,139,1,1
5,3,478.2082,360.3584,5835,135,0,2
0,0,579.215,440.1706,4680,124,0,0
7,4,448.9028,354.3696,6937,140,3,1
2,2,511.8191,571.0106,5046,124,1,0
4,9,863.1266,791.8084,5284,131,1,0
1,2,632.4397,754.6231,5115,113,0,0
1,2,891.8251,1901.332,4975,122,0,1
8,9,848.968,940.7219,6074,122,2,2
0,2,568.57,600.8171,5668,155,0,0
2,1,561.3035,640.9436,5341,134,1,0
3,5,876.6434,759.8951,5251,128,0,2
1,3,735.9441,620.3497,4860,132,0,0
2,1,640.8105,486.0938,6058,148,1,1
4,5,319.7754,214.5117,5164,127,1,1
8,10,744.786,597.3031,6106,144,2,0
3,3,801.036,929.2295,5465,123,2,1
2,8,478.704,376.4273,5016,126,0,1
2,8,868.5639,1230.3678,5669,150,1,1
1,1,655.3992,562.8137,5831,145,0,1
2,6,409.5057,270.038,5638,134,0,0
1,6,553.7628,491.5666,5197,126,0,4
8,3,752.328,559.6779,6916,133,3,1
1,2,622.3821,576.0943,5026,119,0,0
1,3,451.3785,359.2019,5207,153,0,0
4,8,639.5813,480.161,5393,133,1,1
4,3,560.2899,346.7311,6112,118,2,3
3,4,505.7049,316.1311,6095,136,0,2
2,0,446.3279,323.3443,4560,123,0,0
5,6,722.0857,717.7143,5584,130,1,1
0,2,479.4571,301.4857,5753,129,0,1
2,0,769.2034,543.4139,5774,137,0,0
3,5,524.872,490.6686,5335,136,0,0
0,6,939.5889,660.7091,5083,130,0,1
2,15,667.7698,917.3279,5771,136,2,3
2,5,680.0328,564.4335,5120,114,0,2
0,2,919.4417,937.3071,5017,124,0,2
2,2,918.4593,811.3433,4753,114,1,0
4,7,694.1165,465.1805,5020,132,1,0
1,1,806.4067,850.0557,5700,145,0,0
7,4,343.1476,404.6518,5068,123,1,1
3,10,914.9836,678.2552,5145,129,0,1
4,4,816.1505,671.5158,5612,126,2,1
1,1,919.6023,668.1818,6678,162,1,1
2,9,768.2727,872.4205,4515,118,0,1
3,1,939.1685,972.0337,5131,139,0,0
2,10,627.3371,386.7303,5986,148,0,3
0,5,833.5521,511.2864,4429,108,0,0
4,8,839.9682,652.2816,6453,144,0,1
5,5,836.7007,627.3285,5392,128,1,0
2,2,431.2701,252,4567,120,0,0
1,4,769.23,530.0104,5314,123,0,2
6,5,505.0676,322.6639,5245,134,1,0
3,1,745.7511,591.9001,4703,115,1,0
5,7,490.792,312.9224,6646,156,1,1
5,10,507.3445,384.0763,5600,118,1,1
1,12,892.7281,1768.8425,4752,117,0,3
1,3,788.0127,749.0506,4790,130,0,0
5,7,400.7468,239.1266,5574,145,0,2
5,6,330.6958,246.3302,5830,131,1,1
3,4,799.8363,784.3111,4874,121,0,2
10,4,861.1218,942.6923,6076,140,3,0
1,3,745.5128,633.0769,4830,123,0,1
2,8,520.4148,365.8952,6050,132,1,3
3,2,765.6878,453.3734,4377,99,1,0
3,2,881.6683,640.2211,4641,114,0,2
1,6,789.2261,672.8141,5526,138,0,1
1,1,738.5346,588.8738,4544,117,0,0
1,12,613.5414,756.3094,6000,152,0,1
3,6,655.3181,517.8511,5318,149,0,0
0,2,684.958,715.2101,4595,122,0,0
6,6,970.3368,1022.5648,4946,137,0,0
1,3,529.9741,403.7047,5017,144,0,0
2,5,682.2919,620.8119,5354,134,0,2
2,2,585.9712,448.4275,4492,119,0,0
5,5,399.2,242.7273,6391,142,2,1
1,4,734.6545,591.1636,4766,101,1,2
2,9,811.399,688.8497,5399,131,0,1
8,6,1002.9845,1237.1606,4798,119,1,0
4,7,452.8239,348.0972,6053,142,1,2
3,6,668.3198,792.6923,4613,106,1,2
0,2,460.5073,314.0187,5398,131,0,2
2,5,565.5541,590.3605,6492,141,0,1
1,1,820.9877,672.3182,4151,103,0,0
3,8,564.7188,711.9067,6549,148,2,0
1,1,618.8112,715.5944,5181,128,1,0
2,3,582.4476,433.6713,5706,148,0,1
1,7,373.6118,284.1101,5669,129,1,2
0,2,550.5933,423.2748,5102,132,0,0
2,0,1039.1884,737.124,6628,149,1,0
4,7,725.6374,420.0794,4685,116,0,0
2,1,799.6832,650.3117,5052,138,0,1
7,5,706.234,673.3674,5775,136,2,0
1,7,699.5113,1220.2632,4565,107,1,1
0,1,477.9323,294.6992,5529,141,0,1
2,4,467.5222,342.2108,4890,125,0,0
2,2,507.9344,437.6206,5365,119,2,1
6,9,874.375,812.2222,5399,115,2,0
0,2,833.2407,776.1806,4979,133,0,0
2,4,969.7549,1079.2931,4996,128,1,0
2,12,373.77,288.2941,5003,126,1,0
0,4,728.8014,626.9178,4519,103,0,2
2,11,547.1575,366.5068,4685,128,0,0
2,5,627.1523,475.5298,4298,101,0,1
0,5,400.9934,251.6225,6169,136,0,3
1,8,713.5348,612.4515,5109,120,0,3
5,1,495.7697,287.309,6262,131,4,0
0,6,474.2934,346.9824,4745,121,0,0
1,6,688.1895,419.3583,5664,133,0,3
0,3,721.3704,418.5185,5787,132,0,2
1,7,557.1481,279.4444,5752,136,0,2
1,7,553.4184,561.7305,5157,144,0,0
2,3,563.7163,387.234,6150,144,2,0
8,4,845.5336,856.7325,4508,114,0,0
4,1,867.141,913.1225,5968,152,1,0
0,3,416.187,297.1947,5815,134,0,0
0,5,677.0495,543.1321,3928,90,0,0
3,5,1092.1107,1047.128,5568,122,2,0
3,5,429.481,294.0946,5568,132,0,1
5,2,822.5885,759.0091,5326,127,1,2
1,1,262.2952,186.0061,5842,136,0,0
5,1,711.0513,627.9902,5650,128,3,0
9,8,755.2665,697.5257,6125,138,3,1
1,8,635.1032,377.4631,4343,104,0,1
2,6,591.1209,384.3068,6119,141,1,1
5,13,478.4963,316.687,4885,106,2,2
1,1,812.4205,601.8337,4510,114,0,1
3,2,842.0798,527.1113,5869,123,3,0
5,7,413.0672,280.9034,4603,104,1,2
4,8,424.3548,314.3672,5079,124,0,5
4,1,837.9529,508.2506,5436,120,2,1
3,3,704.8919,573.2419,5780,138,1,0
4,6,425.7015,363.7256,5424,116,2,3
5,4,577.7182,417.0818,4862,138,0,0
4,4,812.4,692.3727,5722,142,0,0
5,9,464.1886,328.1831,5029,110,1,4
4,8,489.043,257.0874,4991,118,1,2
0,1,512.3711,320.378,4369,99,0,1
8,8,303.1271,229.8625,6897,141,2,2
7,8,769.2958,926.2535,5186,117,1,1
5,10,647.4648,632.169,5728,129,1,0
1,7,370.7653,230.91,4819,121,0,3
0,3,704.0848,430.7032,5130,123,0,1
9,6,614.3142,531.6885,5302,122,2,0
0,3,618.2798,553.9882,4782,119,0,1
1,8,499.6427,442.0786,4617,117,0,1
0,4,889.7109,914.6736,4418,84,0,2
8,2,979.9747,1058.6094,4824,106,1,0
3,7,485.7901,345.6637,5199,130,0,0
11,7,960.2513,921.8342,5866,109,3,1
5,5,921.809,646.4322,4366,101,0,2
6,9,800.4046,578.9595,5565,97,3,3
4,0,969.0462,627.3699,5451,95,4,0
4,9,596.4734,282.4608,6837,134,4,1
0,2,982.8527,573.0564,4476,114,0,0
3,5,701.1314,589.2829,6121,119,2,3
5,4,467.3853,283.3764,4823,115,0,1
2,0,839.5477,613.9424,4534,90,1,0
2,5,477.0466,276.3459,5739,154,0,3
4,3,602.4072,497.8563,4778,115,0,0
2,0,524.6228,224.3353,5658,140,1,0
0,3,733.3085,617.9497,5665,137,0,1
7,10,946.6636,678.7605,5150,113,1,1
0,2,581.6973,367.0504,4605,119,0,0
3,5,731.822,497.6973,4159,78,1,2
1,2,489.9512,349.9837,5110,141,0,0
2,2,614.9593,361.0732,4273,100,0,0
2,3,508.5687,328.7977,5390,141,0,0
3,6,884.2844,716.021,4506,116,0,0
0,1,893.0987,684.0126,4922,124,0,0
6,10,825.5042,691.9538,4869,117,1,3
5,5,462.8765,449.5522,6450,138,1,1
1,1,716.8792,385.6174,4318,117,0,0
2,5,326.7747,211.5464,5395,119,0,0
0,0,559.1753,395.7879,4387,112,0,0
4,0,548.8811,362.7998,6428,128,3,0
1,7,704.5559,490.8078,5111,133,0,1
4,4,605.625,393.1793,4832,122,0,0
9,5,951.7391,943.3967,4824,115,1,0
3,3,855.059,568.8714,5164,102,1,2
2,6,418.8883,260.8871,5262,124,0,1
0,1,474.5877,645.1298,4763,127,0,0
4,6,772.8109,862.9886,4965,135,0,1
1,5,490.6957,684.8986,5099,141,0,1
4,6,926.058,871.1884,5815,151,1,1
0,6,980.8509,1120.4657,4828,130,0,0
0,3,628.6162,551.6077,5000,140,0,0
0,4,738.3665,625.1793,6015,134,0,3
2,5,603.0279,435.5378,4444,96,1,0
7,8,598.1328,1164.3846,5696,152,1,0
3,3,999.0432,848.249,5644,152,1,1
5,3,897.6392,835.3091,5426,121,2,0
1,1,489.2284,365.9172,5459,139,0,0
2,3,648.5042,1075.2078,5708,144,1,0
2,8,849.8338,613.7396,5188,141,0,0
2,2,527.3598,364.743,5646,142,1,0
1,5,523.5047,712.5,4728,122,0,0
1,3,750.2069,481.7379,5004,119,1,1
2,5,520.8828,466.9655,6046,135,0,1
0,1,831.7323,907.829,4743,124,0,0
2,8,1041.3948,872.9021,4980,132,0,1
6,11,661.581,699.1774,7328,168,2,0
0,3,938.4062,628.7275,4455,112,0,1
3,7,763.2009,701.0514,4718,109,1,0
2,4,471.5888,345.4206,5918,149,0,1
4,9,648.6575,780.8491,4732,127,0,0
0,4,736.4151,599.6081,4766,127,0,0
1,0,777.5633,1121.8094,5095,141,0,0
2,8,703.2811,570.4463,5238,140,0,0
4,4,637.6061,718.8248,5770,151,0,1
2,1,906.1371,522.0457,5274,130,1,0
0,6,475.102,620.9694,6582,153,0,2
1,1,593.4566,513.0612,4713,125,0,0
5,2,575.8989,784.4382,5452,157,0,1
6,3,930,905.3933,6733,142,3,1
0,1,579.938,338.3256,5170,135,0,0
3,4,759.7519,728.186,5091,110,2,0
1,2,536.0039,560.1875,4395,112,0,0
0,1,500.5723,449.4524,4773,130,0,0
2,5,339.3952,255.7063,5623,161,0,0
1,3,564.7257,400.6393,5280,145,0,0
2,3,648.4714,734.5954,5112,130,1,1
1,1,668.3767,688.8216,5725,138,1,0
2,9,704.2105,589.5014,4397,101,0,2
6,5,673.1579,653.0194,6426,140,3,0
2,8,970.5992,1382.5355,4874,122,0,0
3,4,633.2733,356.0928,4707,121,0,1
3,6,882.3095,830.0331,5205,122,0,2
0,12,912.0114,1016.7345,4793,109,0,1
3,10,712.2945,775.5565,6478,148,1,1
0,1,718.7928,825.488,4174,107,0,0
1,5,435.6667,282.3846,5437,137,0,1
5,6,887.2308,952.6923,5647,114,3,1
3,3,597.3169,751.4055,5428,132,2,0
1,2,935.8262,1050.5622,4855,119,1,0
3,4,610.489,475.846,5038,135,0,0
0,1,728.5937,869.7534,5101,146,0,0
1,3,844.5087,1034.3797,5065,136,0,0
5,5,940.2312,980.1156,5631,165,0,0
4,2,518.2339,552.852,5609,128,3,2
5,8,453.8305,452.2912,4818,107,1,4
1,4,536.6222,404.26,5291,139,0,0
2,0,655.6123,538.9205,4719,126,0,0
3,2,753.7451,671.3272,5729,145,1,0
6,4,744.5729,800.1577,4641,118,0,0
3,0,732.7504,597.5085,5229,132,1,0
4,4,545.1295,797.5867,6075,153,1,1
1,0,879.7573,962.6214,4916,118,1,0
1,7,307.3981,176.7961,5706,150,0,1
1,1,916.715,713.5266,5034,133,0,0
6,5,643.4783,466.2802,5708,129,3,2
1,0,449.1575,514.9348,5307,142,0,0
4,7,949.1976,870.0602,5934,156,1,0
7,4,465.6058,350.7052,5307,136,0,0
0,2,599.8553,437.9024,4562,115,0,0
1,4,675.6014,465.4983,5471,130,1,1
7,4,593.6082,436.4948,5823,140,1,1
3,5,774.3126,782.7119,4974,134,0,0
1,3,933.2957,757.5518,5268,136,1,0
0,1,467.7003,342.4694,5300,146,0,0
0,2,631.8379,639.3874,4571,117,0,0
2,1,710.7284,592.7888,5950,137,2,1
2,7,480.4995,433.2674,5079,124,0,4
2,6,1192.1175,1481.1495,5444,132,1,0
3,5,914.0795,827.8392,4909,139,0,0
0,2,756.7958,555.5282,4674,113,0,1
4,6,1040.1408,859.2958,6015,144,2,0
1,1,903.6728,865.1235,5017,118,1,0
6,7,618.3025,530.4321,6929,149,2,2
1,1,551.0861,385.947,5047,117,1,0
1,5,835.5894,594.8344,4589,119,0,1
1,3,543.0328,635.0586,5275,132,1,2
0,7,833.0125,777.7436,4744,124,0,0
2,3,1272.0333,1455.4624,6592,148,1,2
1,10,1061.9189,1290.53,4057,90,0,1
3,6,747.1061,595.4703,5576,124,1,1
1,1,586.9503,416.3331,5371,139,1,1
3,0,707.2718,566.888,5457,146,1,0
0,5,790.5809,775.332,4904,122,0,0
7,5,540.4563,410.4689,5360,144,0,0
2,1,601.9518,472.1166,4743,126,0,0
0,1,816.0376,499.5611,4546,120,0,0
2,7,412.5141,319.1473,6762,140,2,0
2,4,903.3818,1088.7159,5444,121,2,0
1,0,780.6973,651.1795,4923,132,0,0
3,5,657.5887,480.59,4720,126,0,0
1,3,623.6511,343.5571,5880,157,0,1
5,0,910.5974,911.1273,5804,137,2,0
2,4,612.561,552.0623,4576,121,0,0
0,2,802.9293,832.1721,5047,138,0,0
1,4,405.2826,237.4618,4686,129,0,0
7,7,621.0996,419.5754,5227,136,0,1
1,2,776.6358,584.4203,4481,115,0,0
6,5,372.2516,409.1069,5350,140,1,0
1,2,484,745.6352,5560,139,1,0
1,3,577.4672,370.4803,4679,106,1,1
2,3,570.8843,487.762,5393,142,1,0
1,4,767.2982,513.6809,5167,130,1,0
4,2,718.3217,413.2104,5090,119,1,0
4,5,783.5452,605.9413,4592,102,1,2
0,4,1120.0978,1047.8484,4914,131,0,0
0,1,505.0595,846.7255,5604,157,0,0
1,5,710.9482,1136.0614,4840,129,0,0
3,11,855.3162,1175.6674,5228,107,2,1
1,4,942.9742,1209.5785,5201,127,1,0
1,3,758.5657,718.8579,4761,129,0,0
3,4,693.838,1068.4993,5754,139,1,0
4,4,634.5939,601.7843,4792,133,0,0
5,5,467.1638,315.0999,5169,147,0,0
5,4,1082.6954,898.6417,6908,141,1,1
3,3,443.4736,329.9469,5011,122,1,0
3,4,570.0902,967.4504,5407,151,0,0
3,3,406.4522,309.3085,6057,164,0,0
3,6,711.4903,523.5789,4888,138,0,0
3,2,504.9972,338.9252,4754,130,0,0
2,4,779.7931,693.2217,5828,141,1,1
3,10,504.0887,330.3251,4664,117,0,0
0,6,651.7454,689.4244,5223,151,0,0
1,2,869.0594,735.723,4962,125,1,0
1,4,723.6605,551.2599,4976,140,0,0
2,4,415.2255,274.7347,5347,150,0,0
1,2,607.2197,731.828,5790,135,0,1
6,3,734.47,534.0399,5258,123,1,0
2,2,419.1628,224.8505,5444,131,0,1
4,1,902.7508,578.4319,7214,149,3,0
3,6,1089.7977,1014.2705,5308,125,1,2
1,4,317.4867,231.0756,5192,135,0,0
2,4,692.6263,634.5455,4781,129,0,0
1,3,1033.9057,738.8552,5594,142,1,0
2,9,1414.9028,2114.9892,4751,129,0,0
3,4,899.0281,730.2376,4900,130,0,0
3,5,327.0869,252.4148,5468,136,1,0
2,0,953.9908,930.7168,5906,148,2,0
2,7,611.9896,777.9284,4870,115,0,0
3,1,406.6897,407.2335,5557,131,2,0
4,0,581.5506,440.5238,5282,157,0,0
2,4,678.2609,888.4337,5628,131,0,0
2,6,723.3316,856.9117,6064,140,1,1
1,3,584.7065,486.1237,5244,142,0,2
1,4,935.2842,581.5307,4957,141,0,0
5,6,846.5841,960.574,5426,136,0,0
0,2,810.6013,762.057,4903,135,0,0
3,9,1003.9557,795.443,4934,132,0,0
2,5,593.5938,647.9167,6045,118,1,0
3,5,627.2917,793.099,4592,100,1,0
2,5,541.2855,670.9023,7192,157,2,0
3,3,1015.1792,1139.6292,4925,134,0,0
4,5,1234.4,1122.0414,5573,146,0,0
2,3,821.9034,683.0897,5220,129,0,1
4,5,671.9603,707.898,4552,120,0,0
3,1,907.3122,664.9032,5735,137,2,0
3,5,770.7082,882.1401,5003,138,0,1
0,2,585.7121,500.2879,4859,138,0,0
0,11,778.6425,1250.5224,4608,126,0,0
1,5,657.9268,674.784,6210,153,0,0
2,11,1195.3023,1972.8769,4946,134,0,0
1,6,1103.1173,1520.823,5222,148,0,0
2,8,641.1457,639.1162,5958,129,1,1
3,1,558.7234,610.7365,4965,117,1,0
2,4,510.5096,404.6795,5959,153,0,1
1,7,819.4521,696.9205,4757,128,0,0
0,3,684.8996,820.6426,4392,101,0,2
6,3,774.7256,767.6573,5174,118,1,0
2,8,415.3483,337.3483,5406,143,0,2
1,0,358.9888,321.5056,4558,121,0,0
0,2,656.1979,415.3651,4575,116,0,1
0,5,641.026,466.7833,5530,143,0,0
3,10,1070.2169,1779.2895,5054,130,0,1
7,6,970.3441,859.9476,5000,140,0,0
5,4,415.3059,345.0936,5021,115,1,2
0,2,634.5818,652.3346,5106,138,0,0
5,11,1066.0614,1278.9319,5155,120,1,3
3,6,718.8518,1004.7263,5508,121,0,1
3,6,996.7983,770.1028,5258,136,1,0
2,5,569.5619,1110.1785,5053,116,0,1
1,6,701.6675,558.0088,4670,116,0,0
0,3,652.0255,343.6096,5701,135,0,1
4,8,513.151,515.8096,5345,146,0,0
2,0,597.1116,369.4858,4685,129,0,0
1,2,639.0171,514.2514,6219,137,1,0
3,4,878.2286,804.6514,5879,143,1,0
2,2,903.5044,716.9912,6048,152,0,1
1,3,660.6018,747.1858,4850,134,0,0
0,1,715.89,665.3256,4824,130,0,0
2,8,991.7221,775.7164,4725,111,0,2
5,2,743.1715,760.0607,5634,135,0,0
7,7,861.4416,849.9241,4539,110,0,1
3,3,302.6233,252.5023,5397,143,0,0
2,0,524.1209,540.614,5036,141,0,0
0,2,591.6272,502.2791,4886,122,0,1
0,2,850.4877,715.1618,5495,128,0,2
0,3,715.8731,803.0078,5032,134,0,0
4,5,348.1753,342.5089,5440,141,1,0
4,11,1159.5192,1343.8772,5130,136,0,1
0,6,818.087,1049.954,5540,147,0,0
1,3,775.5942,645.4201,5969,140,1,2
3,2,654.0954,355.4126,4955,97,1,1
7,8,423.1579,277.5143,6245,149,0,1
1,1,831.9721,673.0501,5429,144,1,1
2,2,784.0562,511.2012,4317,109,0,0
4,9,537.7535,585.1482,6283,133,2,3
5,4,593.3472,378.1156,4798,126,0,0
2,0,704.6955,754.0135,4783,132,0,0
2,0,348.9529,269.3577,5166,144,0,0
0,9,769.4667,931.1561,5161,145,0,0
2,6,422.5734,351.2302,5710,154,0,2
4,1,618.1151,305.2822,5047,137,0,1
0,11,822.7525,859.7114,5194,139,0,2
1,5,1015.0499,1096.9589,5431,138,0,0
3,9,784.1081,734.3005,5287,117,1,1
2,2,1056.7506,1402.0059,5569,127,2,2
0,1,618.1515,582.4488,4986,140,0,0
1,1,483.6875,328.7851,6690,153,1,0
2,4,520.2905,467.3296,5009,109,1,1
4,2,825.5866,582.067,6329,126,4,1
2,9,739.1516,830.1218,5204,145,0,2
2,4,591.1298,523.9731,4886,131,0,2
0,0,392.2494,323.6563,5411,141,0,0
1,4,819.4019,855.5939,4874,133,0,1
3,14,780.464,1036.5324,5504,101,1,4
4,9,549.2063,413.4066,5422,131,1,3
0,12,362.0225,315,5036,133,0,1
1,0,675,485.1236,5281,132,1,0
4,2,799.0294,535.0294,4672,127,0,0
2,10,582.2941,554.7647,5495,139,0,3
1,1,878.4459,788.5714,5163,120,1,0
3,9,632.9946,491.8709,5976,136,1,2
2,6,600.5319,364.1219,5319,153,0,0
1,1,677.5845,564.7313,5128,137,1,0
4,1,693.1772,656.3905,4498,120,0,0
3,6,378.415,221.3905,4777,132,0,1
0,0,805.1509,658.3513,4659,125,0,0
3,5,608.6961,478.7392,6605,148,0,1
3,7,510.7677,504.5669,5378,133,0,2
2,2,402.7854,205.7776,4948,129,0,0
1,6,412.1135,307.3654,5111,132,0,1
0,2,486.1146,320.9496,4750,126,0,1
3,8,429.2045,665.743,5011,123,1,0
3,1,747.6399,791.8007,5712,144,1,0
1,4,747.749,607.7217,4743,126,0,0
5,8,688.7312,782.9468,5810,141,2,0
5,3,277.62,177.4664,6107,160,1,0
2,1,544.6065,429.2898,5086,121,1,0
5,4,803.427,651.573,6102,151,1,1
0,0,869.4101,798.7921,4467,114,0,0
1,0,605.911,539.2253,4475,120,0,0
2,5,502.9555,339.4548,5021,129,0,1
0,1,834.3509,660,5417,130,0,0
2,4,514.7504,604.7646,4760,126,0,0
1,0,394.2278,616.0062,5715,163,0,0
1,2,475.663,440.2808,5235,150,0,0
2,1,589.906,578.476,5347,149,0,1
4,10,695.715,619.6536,5192,132,1,1
2,5,817.3808,723.9452,4734,124,0,2
1,11,763.5288,540.3945,5376,130,0,1
3,1,412.4436,463.6466,6790,156,3,1
5,4,674.0977,580.6767,5821,145,2,0
1,3,736.6096,764.5205,6522,139,1,0
3,6,927.089,665.3082,4603,102,1,1
0,2,713.0276,601.2194,4793,125,0,1
4,7,367.1912,250.7556,6045,135,1,1
1,1,446.4058,386.1529,4438,111,0,1
1,4,674.0518,448.2842,5739,138,1,1
9,5,702.9464,721.0328,5212,127,2,0
1,3,770.032,791.193,5025,130,0,1
6,3,880.1006,657.2579,5589,140,1,0
1,0,717.2579,931.4969,4978,134,0,0
0,5,618.5122,671.4163,5388,138,0,1
1,2,362.7182,331.4163,4959,133,0,1
4,4,569.5048,287.0575,5422,128,1,0
0,3,677.4161,425.7029,4574,118,0,0
1,6,775.4951,918.7236,5215,152,0,0
0,3,809.0005,1061.1075,5073,135,0,0
1,7,768.1808,1483.1402,4734,128,0,0
0,0,768.5979,705.365,6102,155,0,0
2,0,999.6277,782.8883,6077,144,0,0
1,10,527.0988,1192.6444,4684,129,0,0
0,1,822.5052,708.4304,4715,125,0,0
6,8,432.1622,373.4096,6205,144,2,0
1,2,927.2423,828.6072,4830,130,0,0
5,7,491.2535,309.1086,6328,147,1,0
1,2,693.8479,480.2384,5162,140,0,0
6,4,638.6833,431.6118,5141,139,0,0
3,6,598.8716,839.8774,5352,148,0,0
7,1,456.2551,332.6247,5784,145,1,0
3,10,473.6134,363.6975,4868,132,0,0
3,3,1078.2233,1442.449,6247,149,1,0
4,6,620,478.7654,5115,141,0,0
1,4,675.8025,493.4039,5335,147,0,0
2,6,549.9129,1051.3907,5077,142,0,0
3,3,1064.5661,1453.6145,5408,155,0,0
0,2,708.4348,570.6667,3734,80,0,0
6,4,718.8116,455.7391,5904,118,5,0
1,5,423.7482,352.6455,5713,144,1,0
3,5,553.5447,627.2882,5637,144,1,0
3,1,711.9383,590.4675,5370,160,0,0
5,5,564.2941,722.424,5842,156,1,0
2,4,396.8463,495.0831,5720,165,0,1
3,1,821.4408,750.1662,4866,135,0,0
4,6,581.2557,528.105,4791,120,0,0
2,5,526.6438,439.5662,4799,128,0,0
3,6,340.1609,293.4111,5641,160,0,0
0,6,840.2414,1364.0949,5052,132,0,0
4,10,573.4456,446.5803,5006,122,1,1
6,3,789.0674,541.3212,4989,114,1,1
2,0,895.6795,688.7168,5245,138,0,0
6,7,791.4348,470.8717,5317,127,2,1
0,3,610.3057,322.5459,4202,96,0,0
4,5,524.2579,338.2212,5165,126,0,1
3,6,396.057,225.2067,5464,144,0,0
1,4,772.6176,612.0285,4585,122,0,0
4,9,848.9474,959.269,5498,143,0,1
2,4,883.7719,689.9415,4641,122,0,0
3,4,816.3447,562.3774,4547,104,0,1
1,9,590.0743,646.9539,4814,120,0,2
0,1,610.3526,563.8782,5318,128,0,1
2,4,397.8846,450.1603,5004,141,0,0
1,2,500.7766,717.502,5301,146,0,0
1,6,330.1922,310.8086,5388,153,0,1
4,5,750.7169,821.4154,4541,111,0,0
1,2,803.4651,721.682,5392,131,1,1
5,6,403.8125,286.7664,5277,116,1,0
1,3,784.5136,1551.9653,5064,119,0,2
0,2,951.5806,1234.8983,5059,143,0,0
7,4,922.5352,931.2676,4957,121,0,1
6,4,847.9798,565.0882,5423,139,1,0
3,0,754.9723,700.5945,4741,127,0,0
3,8,732.4752,743.8323,5090,145,0,0
0,1,630.8212,488.6663,4508,120,0,0
1,4,822.1674,707.6073,4916,133,0,0
3,5,655.3004,625.7189,5260,142,0,0
1,5,798.559,656.1175,5336,134,1,2
4,3,393.6209,330.3717,5729,142,1,0
2,8,430.4839,906,4626,106,0,3
1,2,601.2258,405.4516,5603,134,1,0
1,5,752.9718,1084.4162,5265,132,1,0
1,5,398.7493,287.3824,5898,137,0,0
1,9,712.5449,1100.4954,4933,125,0,1
1,2,751.0667,696.8917,5866,158,0,0
0,0,534.003,421.8316,4535,115,0,0
6,2,458.0798,314.8597,4833,121,0,0
0,0,829.2325,770.8578,5225,144,0,0
3,5,581.8172,536.8849,5080,137,0,0
2,3,942.6209,1192.2534,5136,134,0,1
3,6,586.1896,1015.4159,5014,138,0,0
0,0,877.1739,542.7117,4822,127,0,0
2,6,432.2883,267.6316,6093,150,0,0
4,6,1085.2941,1457.9954,5046,126,1,0
1,8,883.6765,1017.5619,4291,96,0,1
0,5,388.7686,191.6856,6253,128,0,2
1,0,554.3581,236.6463,4981,110,1,0
0,0,626.6332,449.0452,4105,99,0,0
6,2,714.9749,538.794,8463,164,3,0
0,0,613.2094,656.0959,5452,146,0,0
1,2,587.4951,715.6262,5132,140,0,0
2,6,794.7681,2165.7364,4960,139,0,0
2,4,322.3108,290.6509,5120,148,0,0
2,2,772.962,720.7713,5587,121,2,1
4,1,997.0862,961.414,5806,122,3,0
4,8,730.7162,601.0474,5191,148,0,0
0,2,1007.5918,909.1047,5319,155,0,0
4,1,693.1587,358.6357,5078,126,1,0
3,1,545.3386,332.1503,6454,159,0,0
2,0,640.2189,517.9008,5095,113,1,0
1,7,918.622,748.9375,5615,128,1,2
0,1,894.9252,593.8321,4412,103,0,1
2,12,780.7807,987.0137,5263,129,0,2
0,1,1108.7324,854.1825,4625,114,0,0
0,9,493.7783,967.275,5013,123,0,0
4,7,751.8853,1115.5899,5386,137,0,1
0,1,393.6714,320.011,5215,148,0,0
4,3,569.9834,470.4252,4517,121,0,0
4,0,667.9514,569.122,5459,135,1,0
7,12,448.0822,382.9041,5496,137,1,0
0,4,591.8904,887.1781,4661,123,0,0
6,2,1144.2596,1250.4584,5156,125,1,0
1,9,1058.6045,1550.8966,5124,126,1,0
0,2,1022.181,710.58,4810,119,0,2
8,3,440.0464,340.0464,5839,126,3,0
3,9,440.5221,335.502,6921,138,2,1
1,2,836.5863,538.5141,4504,112,0,1
2,11,507.7957,761.6154,7654,165,1,1
2,3,835.7791,728.0354,5196,134,1,0
3,4,820.6008,548.6798,7421,155,2,1
0,2,660.5692,1007.5257,4616,128,0,0
3,4,873.7046,866.0775,4505,122,0,0
1,3,873.4867,1024.9031,5129,134,0,2
2,9,521.9099,446.315,5465,136,0,3
1,6,742.6877,290.2272,4618,117,0,1
1,1,952.3412,972.3412,4227,108,0,0
7,6,928.8929,1168.784,5623,135,0,1
2,6,657.4676,658.8466,5439,139,1,0
1,0,749.1601,497.15,4411,109,0,0
1,1,308.9416,239.635,6004,148,0,0
1,3,532.0803,666.1314,4748,127,0,0
3,11,765.1408,800.4588,4830,138,0,0
0,1,819.7602,767.2367,5198,138,0,0
0,3,848.1662,951.6332,4997,143,0,0
3,8,717.3352,869.5415,5749,161,0,0
4,6,326.2925,241.5646,6351,159,0,0
1,1,879.6939,1357.517,4561,122,0,1
0,1,758.5035,607.1764,4486,106,0,1
6,6,645.3195,662.2283,5533,134,2,0
1,5,833.1813,924.6579,5313,130,1,0
1,3,999.1837,1094.0216,5558,152,0,0
5,4,515.2381,315.5639,4673,123,0,0
1,1,656.7168,661.9549,4957,136,0,0
1,4,562.0665,410.9156,4376,108,0,1
1,9,545.6777,422.2711,4856,124,0,0
8,7,675.2322,743.9257,5826,112,3,0
0,3,851.3684,828.0372,5143,133,0,0
0,5,387.6903,215.2737,5873,139,0,1
2,11,664.032,1008.0107,4948,142,0,0
2,9,299.7518,229.9959,4608,130,0,0
2,7,1010.0455,964.1705,5563,132,2,1
1,7,821.1185,894.5687,5548,135,1,2
1,2,558.91,618.0853,5239,138,0,0
1,10,755.7579,692.1592,4688,119,0,1
2,3,936.4776,1045.8779,5191,126,1,0
3,10,298.6012,245.6453,5303,138,1,0
1,3,514.0216,631.9734,4407,104,0,0
2,7,439.3659,322.2575,5178,139,0,0
0,2,752.0736,547.8377,5134,142,0,0
0,3,785.7237,878.8322,4673,114,0,3
4,4,368.4375,246.5625,6336,134,1,0
3,1,666.0688,345.5474,4955,98,1,0
2,4,429.7602,210.2815,5817,110,1,3
2,3,461.6609,478.9304,5901,148,1,1
3,6,661.3043,805.3826,5551,150,1,0
1,2,596.502,1136.1282,4583,105,1,0
6,10,601.5754,422.5901,5950,123,1,1
1,1,483.4528,505.4434,4747,124,0,0
4,10,676.1321,984.3396,5828,143,1,2
1,7,834.9773,657.1558,4680,109,0,2
5,4,739.2133,635.3404,6317,107,3,2
0,4,901.6422,756.6569,5751,148,0,0
0,8,879.0909,979.6774,4678,123,0,1
0,4,692.6368,719.6352,4219,105,0,0
2,5,784.4776,571.9735,5300,137,1,2
10,8,937.8578,503.9944,4887,110,1,1
9,2,611.8428,410.2058,5103,119,1,0
3,4,388.0374,253.9386,6018,134,0,1
0,3,745.9546,837.3298,3926,77,0,1
0,2,462.4119,252.0716,4222,101,0,0
5,6,470.8299,256.0119,6426,124,2,1
4,4,823.6842,842.2105,4605,123,0,0
2,2,423.3947,276,4984,129,0,1
4,11,453.9983,426.5004,6625,143,2,2
3,5,717.3173,1097.1281,5689,126,2,3
3,8,631.1647,613.7251,5873,145,1,0
0,1,585.5824,462.1511,4947,135,0,0
2,10,582.0899,447.1755,5664,138,0,1
2,12,502.1469,277.4893,6445,155,0,2
0,8,1278.72,1961.808,5485,141,0,1
0,12,907.32,1423.776,5078,142,0,0
0,1,885.5341,693.9064,5244,155,0,0
4,5,605.0966,414.4761,6243,132,0,1
1,1,904.5889,1209.8948,5402,127,1,0
1,5,733.9675,711.8547,5613,138,0,1
0,0,640.2809,1008.0899,5439,144,0,0
1,1,385.618,712.5843,4963,138,0,0
2,9,701.0602,1078.3373,4578,122,0,0
1,10,638.1687,737.2048,6358,145,1,1
1,3,747.5455,622.8,4959,135,0,1
0,4,637.8545,910.9909,5378,127,0,1
3,1,536.6834,349.4774,5883,138,1,1
4,7,646.5829,624.603,4400,93,1,1
2,12,637.3263,695.1245,5914,138,0,0
0,1,768.1258,1108.2307,4409,113,0,0
10,2,958.7518,1132.1664,4800,116,0,0
4,8,878.5868,569.7633,5970,125,1,0
4,3,733.2818,332.6353,4579,120,0,1
1,2,823.6402,572.3401,5427,130,1,1
1,0,720.3924,521.7221,5024,135,0,0
1,9,776.6975,1003.4877,4971,129,0,1
1,4,559.1961,803.872,5903,142,0,0
0,3,631.329,415.2256,5250,141,0,0
1,2,644.438,1828.9509,5323,149,0,0
1,7,632.4729,1303.6886,5039,144,0,0
4,10,611.4301,805.0835,4850,122,0,1
2,2,929.9374,860.6994,6601,148,1,0
3,3,716.0848,489.7227,5755,133,0,0
1,2,548.3524,524.4372,6301,131,1,2
0,13,758.8647,1289.8872,4277,102,0,2
4,8,949.5113,929.7519,6944,148,1,2
3,13,536.0024,412.5402,5436,134,0,1
2,3,785.9964,814.1225,4830,128,0,0
1,0,556.231,691.1125,4928,131,1,0
3,7,555.3921,429.921,6011,138,2,0
1,5,662.1655,412.3376,5419,135,0,1
2,4,841.0328,1026.8629,5717,135,1,0
1,4,803.3384,848.4227,5902,147,0,1
2,4,670.6585,852.098,5343,126,1,2
8,5,611.5801,407.0316,5578,129,1,0
1,0,727.7201,459.8533,5299,127,1,0
3,1,460.1586,244.1418,4573,123,0,0
4,1,548.3675,479.3843,5362,136,0,0
1,6,663.7428,958.1862,4957,134,0,1
4,2,557.7351,591.5067,5279,124,0,2
2,6,642.9548,860.5072,5578,144,0,0
8,7,1067.0783,1265.9757,5713,132,1,1
3,2,613.3367,419.3377,4669,121,0,0
3,8,861.5855,782.9503,5585,135,1,1
7,4,663.2331,509.4737,6084,146,0,0
0,2,754.8496,543.985,5031,139,0,0
0,4,649.889,551.9834,4486,111,0,2
6,5,385.0902,249.7365,6579,119,3,3
1,0,581.365,499.8496,5259,149,0,0
0,11,512.7935,793.8115,4752,126,0,2
5,8,569.6531,521.267,5474,140,1,1
1,8,704.7964,1271.3424,5224,140,0,1
6,1,603.2375,397.6399,6451,126,4,1
2,1,601.997,676.5507,5539,125,1,0
2,0,821.7736,585.0943,5077,119,1,0
1,2,849.8113,720.1132,5071,141,0,0
0,3,744.4148,490.0788,4338,106,0,2
5,8,763.9175,433.7174,5419,119,2,1
6,0,916.6544,694.6385,6399,130,3,0
3,5,846.0158,803.4934,5277,116,0,0
2,6,862.7478,735.5113,5188,139,0,3
8,3,833.0467,832.6377,5205,117,1,0
3,5,1024.0461,1033.2564,5007,131,0,0
7,1,878.9175,597.0453,5442,148,0,0
4,4,930.4179,1131.1355,6839,148,1,0
4,1,811.7856,820.1688,4892,136,0,0
0,0,550.5244,498.481,5938,152,0,0
1,11,558.5895,857.9024,4710,129,0,2
2,5,728.6329,699.6251,6105,158,1,0
1,2,784.0684,741.731,4683,127,0,0
3,3,732.8612,720.9411,4728,115,0,1
1,6,659.3441,445.5798,4607,125,0,0
1,13,848.1922,1100.0951,4775,113,0,2
1,6,906.5937,852.1884,5444,124,1,3
0,1,503.1415,403.7636,5000,132,0,0
0,8,524.1058,735.2411,4910,123,0,3
0,15,530.2274,369.4776,5071,119,0,5
1,1,745.9988,546.0111,6228,139,1,0
0,4,773.0982,987.3667,5912,144,0,0
2,9,456.8417,536.8016,4752,119,0,0
3,4,751.9007,480.9187,5859,140,1,3
3,8,452.4076,423.7698,6583,132,1,1
3,6,755.0328,578.5075,5348,129,1,2
0,5,558.6269,277.7552,4265,101,0,3
0,0,737.7505,562.0043,4964,122,0,0
2,6,446.4179,326.162,4756,115,0,2
2,5,666.7696,494.8005,5223,122,0,1
7,9,577.1686,627.9537,5766,127,2,0
3,8,609.0807,467.1618,5482,133,0,0
0,3,750.8792,1177.8884,4886,136,0,0
7,5,771.554,512.8456,6025,149,1,0
2,3,839.6367,846.1756,5125,141,0,0
0,0,525.1689,430.473,4701,120,0,0
1,5,433.3446,459.9324,4705,126,0,0
3,2,702.1408,395.0147,5178,126,0,0
0,4,692.6393,675.3959,6241,152,0,0
0,3,769.778,586.5747,4841,111,0,1
4,3,696.7127,592.8374,4735,104,0,1
1,4,905.7733,886.1157,4931,120,1,0
4,6,711.464,610.4132,6690,149,1,0
4,9,1016.2701,1551.0107,5981,117,3,1
2,6,783.9982,777.2898,4824,110,1,1
4,9,806.9231,765.7692,5076,134,1,0
2,2,898.5641,724.8718,5293,129,0,0
5,6,1061.5153,843.7437,5188,125,1,0
0,1,880.8468,793.8384,4504,117,0,0
1,9,669.0182,945.4858,5039,136,0,2
1,3,486.0121,322.5304,6390,148,0,1
1,3,660.5751,415.5527,5714,137,0,1
1,9,802.4281,907.9361,5779,138,1,1
2,5,608.4134,532.1229,7410,156,1,2
0,1,768.3352,1060.8268,4539,116,0,1
0,6,594.9454,1145.3666,5533,144,0,1
0,1,630.9204,725.3666,5146,141,0,0
2,2,606.0097,528.5622,6629,143,1,0
1,1,526.3974,1007.1729,5303,132,1,0
3,9,902.566,1106.566,5449,130,1,0
0,3,800.566,800.2264,4899,139,0,0
8,5,794.4039,796.7884,6358,134,3,2
0,4,695.2846,486.7669,4907,127,0,3
1,0,805.4858,634.2476,5221,118,1,0
3,9,658.1677,668.6952,4943,135,0,0
6,5,1027.3254,955.4679,5362,132,1,0
1,1,844.5321,896.4656,5214,147,0,0
3,9,1027.8801,1379.5422,5015,114,1,0
4,1,918.3433,657.7766,5416,113,2,0
4,7,1065.5085,1270.8559,5272,139,0,1
1,9,907.2458,1604.0085,4888,122,0,1
3,2,474.2403,322.3807,5906,145,1,0
0,0,501.3275,501.6237,4950,137,0,0
1,6,1018.6209,994.3706,6039,150,0,1
4,2,654.314,508.1966,5284,121,0,0
2,1,838.4152,1014.58,5040,123,1,0
4,9,626.2441,531.2203,5319,134,1,0
6,2,817.5155,915.6253,5467,132,1,0
1,2,716.657,805.4065,4693,126,0,0
1,1,778.9361,893.5324,5174,148,0,0
1,9,611.9832,674.979,5796,144,0,0
5,3,787.9209,786.2213,5676,151,0,0
3,2,925.0134,749.7916,5033,133,0,0
7,5,453.2709,279.4515,6373,129,2,2
2,2,629.097,522.1806,5392,148,0,0
2,0,766.2372,596.9657,6369,141,1,0
0,10,762.9139,1111.1017,4947,125,0,1
0,0,675.0577,801.6804,5371,144,0,0
2,0,652.4217,417.397,5434,147,0,0
2,5,794.2747,776.8022,5270,129,0,1
1,6,840.7912,496.8132,5079,120,0,0
0,2,689.3537,577.3936,5125,132,0,1
1,5,699.7898,821.1456,5460,142,0,0
1,5,630.4274,505.094,5284,135,0,0
1,0,617.265,516.1709,4773,126,0,0
1,8,461.7746,548.044,6208,142,1,2
1,0,673.7176,490.0259,5128,128,1,0
4,5,862.4736,814.3891,6344,131,1,2
0,3,892.4284,740.3922,4392,117,0,1
1,2,867.2529,798.9846,5709,152,0,0
3,11,720.9519,1113.4542,5301,128,1,1
1,5,522.8185,635.6144,5321,140,1,0
3,5,430.7892,395.9865,5388,145,0,0
4,2,890.545,943.7204,5181,141,0,0
3,10,557.1564,605.7109,5707,133,0,0
1,1,823.0155,1002.8725,5034,141,0,0
5,4,830.7747,930.1073,5678,133,2,0
1,2,1256.3905,1879.546,5243,134,0,0
1,5,821.5437,658.8195,5528,132,0,1
3,0,758.581,676.8939,5215,135,1,0
2,0,691.1061,592.0223,5249,139,0,0
1,9,514.6667,443.5214,5606,151,0,2
1,3,670.7009,860.8889,4812,129,0,1
4,0,690.7595,654.9789,4657,126,0,0
8,11,608.27,571.4768,6538,144,1,4
0,2,790.7394,612.514,4461,103,0,1
3,3,883.539,921.5706,6034,127,1,0
8,6,720.7619,624.9524,5759,135,2,0
3,2,647.483,670.5306,6438,141,2,0
1,2,692.381,592.775,5253,125,1,0
1,0,751.5928,424.2036,4929,121,0,0
4,3,634.8766,505.4809,6607,161,1,0
0,1,722.5532,513.2426,4603,121,0,1
6,1,830.8178,536.0047,7021,137,2,1
3,7,998.5164,1154.0888,5357,134,0,0
0,5,1164.3574,1588.6169,4826,131,0,0
4,4,1200.2938,1572.3378,5531,160,0,0
2,9,720,1587.997,5188,118,1,1
2,2,881.7029,1675.5439,5370,134,1,0
0,6,842.6285,1232.3832,4895,132,0,1
5,9,819.5678,1035.4206,6018,155,1,0
3,7,771.9197,612.2821,5994,125,1,0
0,0,1101.5965,983.5945,5138,143,0,0
0,1,670.3166,443.352,5387,135,0,1
2,3,687.0391,533.743,5077,123,0,0
3,5,538.0739,1363.3658,5350,141,0,0
1,3,648.823,531.3619,5774,154,0,0
0,4,612.7626,364.0966,4770,113,0,1
3,7,838.9286,683.1618,4715,109,0,1
1,10,573.1058,766.7235,4952,133,0,2
0,0,599.4198,570.7509,5386,158,0,0
0,1,685.3537,468.1453,5413,130,0,0
1,5,638.2409,640.153,4736,119,0,0
4,5,865.3307,737.798,4882,133,0,0
1,3,948.404,693.9802,5693,145,0,1
3,3,759.8862,830.5949,5891,152,2,0
1,9,806.3218,828.2669,4859,130,0,0
0,1,816.6605,704.6011,4589,116,0,0
5,5,766.1967,640.4824,5260,148,0,0
0,3,911.7324,840.9025,5351,140,0,0
2,8,755.7573,524.6266,5635,143,0,3
4,5,697.8137,899.8327,4990,134,0,0
0,0,802.4205,1124.2722,4911,137,0,0
0,3,699.62,451.468,5575,133,0,1
2,6,773.057,673.6788,5610,135,1,0
2,6,531.1294,311.764,5533,142,0,0
0,2,822.0685,546.5863,4885,131,0,0
1,2,800.6223,632.0405,4859,117,0,1
5,7,1069.7974,735.9334,6472,160,1,1
2,5,691.1676,595.1116,5939,137,1,3
1,0,705.2102,484.7016,5415,125,1,0
3,10,1052.177,1131.6933,5698,135,1,2
3,4,694.1843,691.4359,5088,121,1,1
4,3,721.3465,1215.9921,4610,118,0,0
7,8,667.7244,956.4331,5008,140,0,0
0,1,721.4149,808.6356,5002,139,0,0
3,2,529.3206,459.5845,5469,154,0,0
0,0,657.6312,690.3096,4654,128,0,0
0,4,582.1265,590.6057,6559,161,0,1
0,2,758.8769,627.473,6332,136,0,0
1,11,811.4255,884.5788,4995,129,0,4
3,8,733.3573,925.6658,5491,132,1,0
0,3,722.7455,496.5039,5034,128,0,0
2,6,806.392,982.8964,4384,104,0,1
1,5,696.2297,639.5256,4766,120,0,0
1,2,920.3823,986.5429,5680,156,0,0
4,6,925.4943,1277.2037,4889,136,0,0
1,4,873.9549,941.9549,5649,151,0,0
1,4,654.0752,992.8421,5383,146,0,0
3,5,1046.2916,1114.2199,4853,122,0,0
3,8,957.9284,1291.9182,7043,146,1,0
4,4,961.9292,613.3733,5013,114,1,0
4,5,1023.8256,1110.2452,5425,138,0,1
0,7,661.6739,518.4997,5429,133,0,1
0,1,781.5251,541.5251,5012,127,0,0
0,4,678.7194,440.0753,5864,141,0,1
1,0,908.5876,690.5085,4467,117,0,0
5,3,965.538,752.3101,5695,144,0,0
1,6,668.7342,466.6456,5505,141,0,2
2,5,758.9571,519.2945,4855,126,0,0
0,2,892.9755,806.1656,5844,147,0,1
3,7,790.4167,652.2619,5293,113,1,2
3,2,900.5357,843.4226,4880,121,1,0
1,7,834.4709,863.0159,5145,119,0,0
10,4,438.0159,525.7937,6988,138,1,0
1,13,644.7016,1095.0785,5436,149,0,1
3,0,847.3508,836.9529,5659,137,2,0
1,11,652.4607,1027.5393,4778,127,0,0
1,3,755.6687,660.3998,4729,132,0,0
5,5,823.9148,605.4708,5707,137,1,1
3,1,715.6293,443.9346,5692,114,1,0
2,0,673.7612,595.5813,5244,154,0,0
1,8,531.6991,594.5397,5372,152,0,0
2,4,690.3755,814.5059,4338,102,0,0
4,1,1022.3913,1443.5573,6155,126,4,0
2,0,927.5361,706.6149,4844,120,1,0
1,10,1091.3873,1155.5494,5590,127,1,2
2,1,726.7944,444.216,6044,136,1,0
1,4,395.5401,282.1951,5415,134,0,1
5,4,856.4055,683.474,5506,134,0,0
1,0,722.7288,681.0411,5098,133,1,0
3,5,728.1275,1511.8028,4728,127,0,0
1,3,809.2829,731.504,6163,148,0,0
2,8,688.943,927.3264,5099,119,0,0
3,2,784.0415,576.9637,5638,132,2,1
3,1,1018.6891,898.5126,4842,118,1,0
7,1,1046.9748,946.3866,5388,142,0,0
3,7,807.5469,1057.6294,5161,106,2,3
1,1,866.8267,653.8335,5036,110,1,1
0,0,711.8757,482.5922,5403,132,0,0
1,9,688.5458,992.3077,5230,113,0,3
1,4,834.6226,699.5912,5065,137,0,1
3,8,781.2893,948.6478,5268,140,0,0
0,10,750.314,789.8843,4454,109,0,4
3,2,620.2314,597.2231,6463,126,2,1
5,5,786.2426,464.8395,5350,119,0,3
0,3,809.3579,624.4709,4532,107,0,1
4,11,761.9287,1386.2708,5841,139,1,1
0,4,808.3895,929.7862,5377,141,0,1
2,1,868.3213,1175.0693,4569,121,0,0
4,8,556.6537,398.9584,6647,154,0,4
6,5,640.2451,828.5562,6732,135,3,0
2,3,777.7944,627.9382,4785,116,1,0
2,4,606.9663,670.6517,5505,137,2,0
2,7,553.1236,634.0449,6146,150,1,1
2,2,761.733,743.1007,5631,147,0,1
4,7,761.6487,642.1827,4800,128,0,0
1,12,1014.6394,2357.3305,6131,153,1,3
4,7,833.3262,890.7212,5010,137,0,2
1,6,935.5036,1342.7482,5812,117,0,2
0,12,1025.9784,1801.2086,5058,108,0,7
2,2,769.2328,710.291,5755,157,0,0
2,10,741.8254,1207.7249,5163,139,0,0
4,7,753.196,578.4568,5210,124,0,1
1,4,601.1311,491.7843,4642,112,1,0
4,13,552.795,671.8107,5278,100,2,3
3,1,790.6751,634.5994,5594,130,2,1
1,1,597.1601,441.8561,5187,145,0,0
2,3,676.3155,406.8306,4950,139,0,0
0,1,827.6707,951.1647,4603,117,0,0
0,8,735.6627,618.1928,6249,146,0,0
5,7,990.9163,913.3518,5486,146,0,0
0,2,789.3058,894.1452,4954,134,0,0
3,6,503.7652,409.2121,6161,150,0,2
0,0,658.7626,602.1893,4883,137,0,0
0,1,571.7516,635.0576,4473,118,0,0
8,7,623.8322,716.0033,5309,139,1,0
1,2,754.56,654.816,5107,129,0,1
6,3,582.592,445.44,4881,123,0,0
0,2,575.5141,415.1092,4752,111,0,2
3,2,694.2674,760.309,6313,118,2,0
1,9,601.0351,672.3539,4831,116,0,0
1,1,616.6277,659.2988,5176,123,0,0
3,2,935.8229,828.5839,6303,151,0,0
1,15,806.4735,912.5314,4218,108,0,0
2,2,826.9565,624.9361,4641,122,0,0
1,11,768.2609,722.4936,6749,144,1,2
0,0,388.2546,258.3162,4646,102,0,0
2,6,620.4107,458.193,5534,136,0,1
4,0,523.7672,300.49,5465,133,2,0
1,2,520.245,435.6202,5277,145,0,0
2,5,680.4545,769.0592,5119,146,0,0
0,3,735.5074,731.5433,4655,122,0,0
1,11,724.7095,1321.1621,5343,135,1,1
1,4,911.2232,881.9878,5014,143,0,0
8,6,627.6543,383.6728,5771,139,2,1
0,1,692.1605,574.0123,4032,98,0,0
1,1,862.5714,748.6786,5123,139,0,0
1,17,894.7857,1477.2857,5141,133,0,1
5,20,1189.6088,1509.0989,5509,128,1,1
4,11,1302.0396,1551.5341,5985,136,1,2
1,7,1063.2065,1470.4193,6219,156,0,3
0,7,1005.396,1282.4534,4712,116,0,0
2,8,677.1021,881.6508,5011,121,0,2
3,0,974.1093,653.0523,5520,152,0,0
1,1,832.1739,877.3551,5122,117,1,0
1,3,553.1522,409.9275,5547,130,1,1
5,8,860.6086,874.5894,5728,117,2,1
1,11,1214.8812,1286.1109,5399,132,0,0
0,4,631.313,340.2918,5249,121,0,0
1,3,588.1701,520.2418,5524,133,0,0
10,7,763.2533,557.0729,5661,130,1,0
3,4,769.5061,1147.3947,5464,132,1,1
0,4,314.2873,418.7689,5415,151,0,1
0,1,528.9849,406.0367,5520,150,0,0
0,2,784.0987,750.6262,5499,132,0,1
3,6,579.0797,518.6243,4592,120,0,2
3,0,1028.1109,1010.6674,6800,150,2,0
3,10,704.6267,560.2941,4417,116,0,0
6,6,564.0521,349.1146,5751,130,2,0
2,1,778.9245,575.1657,4630,118,0,0
1,2,838.4078,839.4958,4963,131,0,0
0,8,774.8784,557.2755,4661,121,0,1
4,2,700.5508,575.8003,4863,129,0,1
1,5,566.5749,477.1429,4981,131,0,1
3,8,584.7577,1231.6887,5013,132,0,1
1,1,870.5727,649.5154,4903,135,0,1
2,10,1112.6986,1203.7033,4803,98,2,0
1,4,743.4545,1150.9665,5211,117,1,1
0,3,777.0225,1039.073,4997,134,0,1
1,14,763.4551,738.1461,4660,128,0,0
0,3,697.8558,845.365,4662,120,0,1
0,7,667.5,1035.3832,4618,125,0,0
2,6,594.5856,513.6047,5262,126,1,1
0,3,405.2575,261.3928,6323,161,0,0
1,2,906.3855,1330.8877,5169,149,0,1
2,9,706.1403,750.7504,5984,139,1,2
1,10,720.5902,705.7049,4569,85,0,5
0,5,857.1475,938.623,4789,111,0,2
2,2,852.2775,696.6643,5614,127,1,2
3,13,845.7603,991.9972,5345,116,1,2
0,3,921.5846,1447.539,5311,139,0,0
0,11,688.4994,1549.1236,5350,150,0,0
0,7,1296.9457,1449.5304,4757,121,0,0
3,7,1110.0612,928.5178,4792,114,1,0
1,1,707.777,498.0041,4450,89,1,1
2,3,678.4171,564.3634,6759,152,0,0
0,0,890.9488,739.9044,5188,136,0,0
5,6,620.0273,888,5403,131,0,1
1,5,825.2138,732.0367,5685,146,0,0
0,2,898.442,1199.2974,5334,138,0,1
2,2,761.0428,730.4797,5332,146,0,0
2,6,889.8019,711.3973,5004,143,0,0
1,0,708.9747,579.5392,5407,155,0,0
5,11,819.7811,997.8456,4777,126,0,0
2,0,1004.0977,838.609,6101,147,0,0
0,14,901.203,1022.8571,4709,110,0,1
2,5,707.2966,672.2047,5263,133,0,0
2,9,910.5249,1569.0551,5400,137,1,2
4,10,1119.9653,900.0693,6141,144,0,1
2,4,873.8648,968.9775,5128,116,1,2
4,13,819.5962,1460.5384,5187,128,1,0
2,5,1191.2248,1228.856,5391,141,0,1
2,12,691.0027,852,5134,144,0,2
0,2,757.0504,784.4244,4927,129,0,1
0,3,1075.1974,1149.7012,4851,137,0,0
4,10,881.8783,994.3223,5267,137,0,1
0,8,490.0822,793.5971,5031,143,0,0
0,0,641.9938,688.6434,5774,155,0,0
3,14,1016.9239,930.3959,5831,144,1,1
5,3,860.7716,1266.3959,5421,133,0,1
1,2,673.1342,918.5443,4604,124,0,0
1,8,932.1673,925.1928,6372,165,0,2
2,5,783.2589,667.1878,5456,159,0,0
0,2,893.4822,943.797,5016,139,0,0
1,0,719.3066,606.0775,4736,129,0,0
2,11,870.3467,732.5629,6034,140,2,1
3,9,512.0306,839.5415,5108,106,2,3
0,2,746.2664,573.8974,4800,134,0,0
2,3,707.487,477.2471,6322,160,0,0
0,9,874.317,984.463,4290,104,0,0
6,4,725.545,585.5545,5086,129,0,0
1,3,644.4739,587.9147,4891,130,0,0
1,9,957.853,1741.581,4466,112,0,1
3,7,1064.5023,1295.2505,5627,142,0,1
1,2,788.4448,900.3499,5180,129,0,0
0,4,815.4355,1469.6734,5016,136,0,1
3,5,737.4532,1616.8789,5465,124,1,0
4,9,633.9076,944.2946,5541,136,0,0
2,7,608.1107,460.3583,5272,128,1,1
0,2,692.3127,771.1075,4947,134,0,1
2,3,915.929,698.1007,4902,135,0,0
2,7,959.3311,1709.6284,5934,142,0,0
0,6,643.2591,789.3005,5086,124,0,1
0,4,871.3355,1281.6057,5593,130,0,1
4,6,768.4241,898.7833,7008,138,4,4
0,8,734.9131,901.7729,4496,115,0,2
0,0,1031.3336,941.8935,4865,124,0,0
3,12,811.6523,1313.1452,6109,124,2,2
3,18,1183.9388,1088.8384,5529,122,1,2
1,11,1112.5026,1554.6146,5405,121,0,1
8,6,593.6726,449.7345,5266,146,0,1
0,1,821.1504,581.3274,4995,138,0,0
1,12,968.3777,1086.0239,5278,115,0,4
2,4,1114.0293,636.6223,6184,132,2,0
0,1,1032.7901,798.5789,4904,127,0,1
3,6,645.0196,507.1447,5272,119,0,3
3,7,877.0135,886.626,5920,131,2,0
5,0,651.8764,840.0522,5500,133,1,0
4,1,632.1483,849.7816,5006,117,1,1
4,8,564.7435,571.3255,5637,118,3,1
2,5,558.0093,557.1695,4589,127,0,0
0,1,438.6858,384.5179,4731,117,0,0
0,4,876.8527,1184.5423,4752,132,0,0
2,8,990.7323,1155.1439,5287,144,0,0
0,2,656.8702,522.4046,4713,125,0,0
2,8,808.3588,871.9466,6246,147,1,0
1,5,745.8801,946.7988,6246,145,0,1
0,1,911.9826,1140.087,4737,110,0,1
3,6,770.4757,681.0066,5017,107,2,0
2,0,1043.4624,826.7257,4293,111,0,0
1,6,743.3533,748.1621,5157,130,0,0
3,1,979.3736,844.947,4854,129,0,0
4,9,799.8705,740.8696,5591,143,0,0
2,3,972.6827,1858.3626,5583,148,1,0
5,7,770.067,792.0681,4884,135,0,0
2,3,669.2831,616.5549,5366,148,0,0
6,1,979.6359,1324.2698,5963,149,2,0
2,1,848.4402,842.5072,4800,119,1,0
0,1,1160.5774,1082.4191,4917,132,0,0
3,3,904.6889,948.5913,4627,120,0,0
3,7,987.4476,681.2655,5936,144,1,0
2,0,700.5045,809.3972,5049,112,1,0
2,6,1084.1722,913.0132,4927,132,0,0
3,0,1162.1854,1420.9272,5666,139,2,0
2,0,574.4452,506.6709,4835,126,0,0
2,5,610.6222,776.5362,5217,124,1,0
3,7,692.6433,1347.2293,5615,153,0,1
0,0,575.8917,489.1083,5067,145,0,0
0,7,632.295,484.1351,5705,151,0,1
0,0,567.9531,738.1943,4863,134,0,0
1,3,621.3553,465.2747,5704,158,0,0
0,2,740.1832,919.9267,4861,132,0,0
3,3,529.6126,434.4915,5601,139,0,0
0,0,650.9564,495.3995,4648,121,0,0
4,7,1260.7963,1202.7871,6591,161,1,0
3,1,1207.5038,1245.4211,5848,126,2,0
1,5,1478.9663,1297.3483,4599,118,0,0
1,9,876.573,1695.573,5302,131,0,2
0,2,733.892,671.7927,5093,143,0,0
2,5,413.4168,532.2246,5195,131,0,0
2,3,726.6286,1240.2571,5188,150,0,0
1,3,661.5714,667.5429,4905,135,0,0
2,7,963.9073,1420.1224,5254,154,0,0
2,1,968.5227,1282.1853,5937,161,0,0
0,1,678.1041,644.9683,4849,132,0,0
1,6,564.9598,1107.8544,4777,129,0,0
3,4,532.6117,1078.8957,5126,129,0,0
2,2,848.3611,1277.1954,4891,124,1,0
1,0,1107.9383,1194.37,4796,136,0,0
1,7,683.5242,688.3877,4998,142,0,0
3,3,692.0641,965.2457,5828,142,1,0
1,7,562.5039,979.8965,4738,126,0,0
2,2,523.9658,679.1746,5350,134,1,0
2,2,601.4494,1082.2345,4621,122,0,0
1,7,828.4691,1154.202,6672,152,1,0
0,0,768.3388,732.1173,4386,107,0,0
0,2,606.893,623.436,4351,114,0,0
2,5,527.53,802.6527,6000,141,0,0
3,1,785.2767,788.7747,5092,140,0,0
0,3,760.5237,1163.9229,4711,124,0,0
2,5,880.646,1099.7819,5573,150,0,1
4,5,783.4983,1696.1326,5057,141,0,0
5,4,666.4907,661.3354,5754,127,1,0
0,2,608.4472,870.528,4605,128,0,0
4,5,698.2021,1167.8617,4811,134,0,0
1,2,734.6489,918.7979,5317,143,0,2
1,7,782.6789,813.1791,5980,113,1,1
3,0,705.1533,522.3131,5445,112,3,0
1,1,803.4995,661.7226,4644,117,0,0
3,6,770.6717,1558.9274,6367,147,0,2
1,2,567.3045,421.2023,6843,159,1,0
1,0,635.9535,423.6846,4100,98,0,0
2,4,846.2083,649.1055,5434,103,1,3
5,3,517.6903,316.4619,6350,110,4,2
0,6,945.5182,1847.479,5437,136,0,0
1,6,1090.1681,893.4734,4837,132,0,0
2,0,834.1317,625.5489,5371,154,0,0
3,5,595.1697,860.8383,5230,151,0,0
4,10,566.3685,1193.5599,5919,150,1,0
1,0,766.619,623.542,4627,117,0,0
0,0,805.5024,661.1607,4342,110,0,0
7,1,775.3896,886.7813,5137,117,1,1
0,1,643.523,661.0175,4274,100,0,1
0,9,630.7549,988.7856,4892,127,0,1
1,0,511.1944,672.8333,5120,148,0,0
1,5,439.1667,524.7778,5178,142,0,0
2,7,618.0939,734.7368,4621,110,0,0
4,5,702.1906,1090.697,5164,114,2,0
0,3,576.4534,784.5338,4503,119,0,1
3,6,375.9049,313.8574,5745,157,0,0
2,4,598.0765,514.1262,5193,134,0,0
1,2,592.0269,890.0414,5091,143,0,0
3,3,1220.0279,1780.1812,5168,132,1,0
2,5,990.8153,1255.2334,4565,104,0,1
0,1,804.9711,765.815,4234,105,0,0
4,5,630.1387,1308.4162,6417,142,1,0
1,4,888.2727,1046.0182,5247,150,0,0
7,4,765.2182,1966.7727,5584,154,0,0
1,4,979.1343,1266.4399,5658,136,1,0
3,7,696.1749,1325.5919,4788,131,0,0
1,8,735.1111,659.2296,4613,117,0,0
2,0,861.5111,1206.8148,5633,141,2,0
0,4,904.9706,947.2085,4922,137,0,0
4,5,908.1743,2011.9906,5709,142,1,0
3,0,961.2224,786.3158,5735,130,1,0
4,9,780.8829,1217.4873,5228,129,1,0
1,1,808.4078,817.3621,4292,110,0,0
1,0,643.7625,508.9753,5297,142,0,0
1,1,950.487,730.1925,4694,123,0,0
1,6,748.9128,692.2424,5094,125,0,1
1,9,719.8283,904.0916,5557,153,0,0
1,1,576.0515,884.8927,5105,135,0,0
4,8,755.2116,1625.8129,5876,140,0,0
0,2,693.5746,688.6303,4889,121,0,2
3,0,651.8902,599.7514,6933,128,3,0
1,1,533.537,539.2543,4503,116,0,0
2,0,570.4049,516.3313,5362,137,1,0
4,5,426.5153,271.1411,5200,130,1,2
0,3,438.4886,379.6837,4991,127,0,0
2,6,590.4042,911.775,4678,117,0,3
2,6,802.2607,1811.4187,4488,117,0,0
5,9,663.2987,737.9239,7927,165,2,0
1,1,1076.1084,1056.9702,5750,162,0,0
0,14,833.0964,1374.1626,4898,136,0,0
1,6,748.0859,1716.8515,5341,150,0,1
1,0,622.7191,855.5635,5231,147,0,0
1,2,1017.488,834.4273,5288,139,0,1
2,11,628.4986,1277.873,5351,137,1,0
0,1,634.1215,446.3144,5782,148,0,0
0,1,526.5258,905.9445,4956,128,0,1
2,4,1236.1293,1568.6879,5335,141,0,0
1,12,912.0056,975.239,5229,130,1,1
3,9,977.1939,944.9519,5532,138,0,1
2,3,851.4168,1289.4911,5043,143,0,0
1,6,790.2893,868.9463,5532,132,1,2
3,0,725.1446,611.25,5016,121,1,0
1,6,998.0326,2489.8015,5257,105,1,1
1,7,1053.2951,1740.9263,6258,147,0,0
3,0,774.8547,578.3558,5173,137,1,0
1,5,505.9391,462.3529,5427,152,0,0
3,8,1245.3029,2227.7436,5685,139,1,0
2,3,943.6699,954.6005,4867,130,0,0
5,3,887.0076,1130.9902,5958,141,1,0
1,2,611.3602,577.1491,4962,140,0,0
4,3,920.9434,1517.577,5160,115,2,1
0,2,557.577,450.9831,5486,129,0,0
4,3,497.1076,498.3774,5860,135,1,0
1,0,773.933,1222.7513,4675,115,0,0
0,3,714.2455,957.4131,4702,126,0,0
3,4,434.0959,327.8223,6869,156,1,0
8,4,386.2039,410.5423,6561,125,3,2
0,1,694.0564,594.013,4139,97,0,0
3,1,942.3209,943.5244,4358,94,1,0
3,4,898.6819,783.2378,5572,119,2,2
4,2,737.2991,1795.2056,6735,148,1,0
1,1,514.8224,586.4299,4396,111,0,0
2,6,1155,941.7158,6178,136,1,2
0,1,891.3474,800.3368,4287,103,0,0
1,3,812.3077,813.2948,4841,117,1,0
3,1,587.3544,660.5602,5200,128,1,0
2,1,609.7021,474.4787,5174,149,0,0
4,5,391.9787,386.9362,5686,156,0,0
1,4,678.0032,631.8445,5180,137,1,0
3,2,719.9369,1799.4955,6501,149,2,0
5,3,942.4886,926.4947,5415,148,0,1
1,2,1174.1123,1480.0303,4983,142,0,0
0,3,732.1306,758.4448,4621,128,0,0
1,7,693.8725,555.1477,4776,124,0,0
6,7,840.5623,868.9597,4847,132,0,0
0,3,836.5698,1107.2446,5793,147,0,0
1,9,952.1053,1763.3298,5330,123,1,1
0,0,547.3469,467.1429,6331,151,0,0
0,2,571.4497,606.6174,4285,103,0,0
3,5,665.4576,588.3343,5695,129,1,1
3,4,875.744,753.9921,5231,137,0,2
3,2,798.4952,1138.5177,5249,136,1,0
1,2,565.865,528.2224,4790,117,0,0
2,5,859.4487,992.7376,5151,114,1,1
0,0,637.2866,1121.311,5357,151,0,0
0,4,778.872,1972.0732,5075,143,0,0
2,6,725.1042,1345.8073,5865,152,1,0
0,1,700.7552,1595.4948,5005,136,0,0
2,0,389.2896,663.0237,5265,117,1,0
1,2,420.9472,308.4882,4813,129,0,0
0,0,679.0197,537.0272,4915,133,0,0
7,2,377.2936,333.6281,7186,159,3,0
2,6,773.3056,1952.368,5158,135,0,0
0,0,745.5668,751.0504,5250,151,0,0
3,7,597.7286,454.7143,6003,135,3,1
1,0,809.5714,931.7143,5173,119,1,0
4,3,515.7936,503.0744,5961,135,0,1
1,1,634.1287,448.0022,4492,112,0,0
0,1,1022.2269,1485.7563,4839,133,0,0
5,5,766.5126,1205.9244,5467,138,0,0
0,1,603.7952,666.7229,4827,120,0,1
2,3,636.3614,580.3373,4954,119,1,0
1,2,814.5706,899.5399,5746,138,1,0
0,8,684.5092,714.4785,5198,133,0,0
4,6,405.3439,569.3574,5471,133,0,0
3,2,876.6178,1238.1285,5338,135,1,0
1,6,717.9581,669.9738,5339,152,0,0
0,0,645.7068,993.9529,5022,140,0,0
0,2,1133.193,1444.9589,4670,126,0,0
3,1,1087.7618,1026.4682,5482,148,0,0
5,2,960.6622,848.4069,6150,133,2,1
1,1,802.5432,1290.144,5100,121,0,0
1,1,1086.8329,608.0458,5126,130,0,1
3,4,899.3127,1533.7197,5113,118,1,2
2,0,1127.1186,841.9962,5846,136,1,0
0,4,847.0433,967.646,5167,136,0,0
5,5,734.168,638.9223,5523,138,1,0
1,2,1243.5499,1749.0333,4815,118,0,2
4,4,819.9741,793.8163,5102,127,1,0
2,5,881.3972,884.5019,5752,122,1,0
0,4,765.5816,1441.5797,4157,97,0,0
2,3,752.8291,743.954,6935,144,1,1
0,3,680.1036,1504.3811,5321,142,0,0
2,2,574.7695,474.0963,5000,139,0,0
0,0,885.886,1064.1924,4959,141,0,0
4,4,1217.0308,1151.1657,6018,167,0,0
1,1,748.9492,1411.5932,4709,128,0,0
5,4,830.4746,837.0847,6048,144,2,0
3,7,720.7966,692.0626,5266,127,1,1
1,4,534.2532,477.4964,6749,141,1,0
5,2,865.1792,694.6474,6145,120,4,0
6,7,547.6647,402.4855,5621,136,0,3
2,4,458.1066,376.6646,4987,138,0,0
0,0,447.5737,484.9279,5654,163,0,0
7,7,701.2912,1544.1575,6302,141,2,1
2,1,734.3318,463.6152,4727,128,0,0
0,0,498.3529,571.9412,4894,136,0,0
3,5,639.2941,561.7647,5082,143,0,0
1,5,611.8833,467.7175,4605,117,0,0
2,0,807.0522,785.9877,5806,141,1,0
4,1,815.8706,678.1779,4696,93,2,0
8,5,713.2722,654.5984,7060,123,3,0
7,4,616.4432,486.6486,5525,148,0,0
2,1,1166.5622,2374.3459,5528,135,1,0
6,3,670.7072,664.4901,4577,122,0,0
1,1,780.9868,863.5609,5206,149,0,0
2,0,618.7606,799.9195,4904,134,0,0
4,6,647.2998,671.5412,5662,136,1,1
0,6,1027.9564,1127.4627,4923,129,0,0
4,4,617.7038,683.008,5191,145,0,0
0,1,716.8625,1077.7921,4640,121,0,1
1,7,718.4893,530.1614,5406,140,1,0
4,2,743.1948,790.8312,5898,144,3,0
1,15,541.0909,634.5455,4925,130,0,2
4,8,763.1306,547.9831,4969,136,0,0
2,5,1234.1722,857.4112,4561,122,0,0
4,2,887.9955,915.8242,5694,115,0,1
1,5,749.1247,923.4862,5542,142,1,0
0,1,476.9316,433.9443,4980,143,0,0
0,5,749.438,786.1367,4516,116,0,0
1,1,591.438,679.9561,5648,133,1,0
3,3,585.6092,560.9111,4680,130,0,0
0,3,816.0945,989.1728,4854,135,0,0
4,2,418.0416,479.5611,6741,161,1,0
0,5,576.5035,1184.1678,4670,124,0,0
4,11,812,853.5944,5112,117,1,0
0,1,808.6738,775.5914,4826,131,0,1
3,1,823.1541,616.2724,5444,135,1,0
2,3,876.6419,692.2881,5758,156,0,0
0,4,1155.9216,2254.6716,5091,147,0,0
1,9,796.9466,902.1823,5395,137,0,0
1,1,707.445,761.7063,4886,131,0,0
7,4,676.1205,803.8404,6360,147,1,0
0,0,668.4709,610.6766,4443,115,0,0
2,5,639.703,435.9406,5078,119,0,0
0,1,709.3729,711.4521,4767,129,0,0
2,6,661.3688,581.0646,5293,135,1,0
0,1,504.4106,353.0581,4677,125,0,0
1,4,680.9009,578.0901,5033,124,1,0
7,4,596.6126,907.7117,6701,170,2,0
6,2,761.889,698.06,5038,116,1,0
0,5,874.5373,720.3829,4994,115,0,1
1,0,861.768,709.4659,5388,138,0,0
0,10,812.6703,665.7827,5424,139,0,0
5,7,844.3014,957.3699,5095,137,0,0
1,4,840.274,767.2329,5233,141,0,0
1,3,1001.7816,1037.3191,5423,135,0,1
5,6,780.5653,624.591,4756,109,1,0
4,3,628.4717,548.709,6040,153,1,0
0,0,494.2777,354.2219,4907,134,0,0
1,5,731.639,1024.1989,5318,144,0,0
3,1,864.3094,812.7072,5315,148,0,0
5,9,703.2572,649.9968,6071,137,1,0
2,3,957.0068,1266.6624,4905,132,0,0
7,6,897.6568,1038.6705,5506,140,0,1
2,3,815.5713,740.6398,5061,123,1,1
3,3,611.3068,1164.6326,5833,150,1,1
4,6,605.889,509.9832,5045,123,0,0
1,5,825.8369,953.7963,4799,119,0,0
1,3,982.3098,958.9465,4680,124,0,1
4,1,891.5237,950.5247,5615,137,1,0
1,2,873.663,750.2422,5504,143,1,0
0,11,1141.9799,2559.34,4769,131,0,0
3,10,909.9857,2112.439,5578,142,0,1
0,3,656.4021,628.0982,5152,142,0,0
0,1,893.4552,652.9412,5044,137,0,1
0,0,536.7991,398.6493,5299,137,0,0
2,5,816.2656,632.9625,4958,117,0,2
0,2,689.6769,498.7846,5372,144,0,2
2,2,487.1077,329.9538,5327,129,1,0
4,0,951.055,1258.7271,5607,135,1,0
3,4,928.2454,983.7729,5367,130,0,0
0,3,787.3387,1081.0695,4703,129,0,0
1,6,936.5089,814.0012,6330,150,0,0
4,8,422.9804,322.6275,5896,153,0,1
2,2,1107.8824,1948.3922,5436,121,2,0
7,7,790.4074,546.544,6617,150,1,1
1,2,936.0841,994.3495,4950,118,1,0
2,8,519.5282,791.496,5166,132,0,1
0,0,617.5719,545.0058,5026,131,0,0
1,2,618.9801,1189.0884,5592,138,1,0
3,8,841.3538,769.0072,4962,136,0,0
0,5,730.3545,1002.5017,4965,135,0,1
1,0,990.3813,779.5184,5384,152,0,0
1,2,653.1111,649.5556,5296,117,1,0
4,6,372.2778,188.8333,7729,130,3,1
3,3,718.2501,645.0252,4948,140,0,0
2,3,635.1655,1257.4425,5323,159,0,0
3,2,828.8187,976.9246,5119,128,0,0
4,5,923.8086,1115.1935,5063,125,0,0
1,0,740.3812,610.8632,4548,127,0,0
3,4,693.7668,613.4865,5498,127,0,1
0,1,756.8067,573.8732,4709,126,0,0
4,3,728.2964,573.5982,5812,152,0,0
4,6,789.8361,1130.7303,4788,106,1,1
3,1,1230.6408,961.1326,6091,141,1,1
1,0,376.8821,323.8403,5707,134,0,0
1,8,651.3593,1911.1597,4977,129,0,1
0,1,722.1489,1009.3576,4692,126,0,0
7,7,209.2325,229.9716,6140,163,0,0
0,4,846.0612,867.6429,4592,96,0,4
7,1,675.2143,574.9898,6834,131,2,0
1,8,526.7147,962.1332,4918,133,0,1
0,4,922.9793,898.7309,5229,147,0,0
2,9,926.7766,1367.1429,5918,133,0,3
4,2,1087.1795,957.3993,4880,128,0,0
0,1,350.8344,372.8626,5405,147,0,0
0,5,725.9564,1392.914,5348,145,0,1
0,0,587.6536,570.9214,4588,127,0,0
1,3,590.7125,583.7838,5618,158,0,0
3,1,788.9353,583.215,5598,121,2,1
6,6,597.3695,400.6263,6141,136,1,0
0,9,706.2306,1091.3941,5346,132,0,1
0,1,427.642,299.3804,4406,117,0,0
1,7,1016.4807,890.4149,5830,152,1,0
1,8,878.5408,1052.1888,4563,108,0,3
4,4,741.4778,1592.5612,5403,141,1,0
0,1,563.0055,478.4423,5229,151,0,0
1,9,1002.2124,789.4817,4839,118,0,0
1,3,823.957,757.3198,5097,119,1,1
0,3,822.5843,1119.4101,5371,143,0,1
0,0,775.1124,1098.118,4827,130,0,0
2,4,772.392,926.6419,4050,95,0,0
5,3,683.5207,626.196,6197,146,1,1
2,5,777.0346,734.0508,6764,139,2,1
0,3,669.6443,895.9261,5260,125,0,1
1,7,360.565,316.6478,5507,147,0,0
0,0,610.6215,748.5499,4881,132,0,0
0,0,806.2838,1061.8581,4611,122,0,0
2,3,609.7973,595.2365,6038,145,0,1
3,1,537.176,550.8049,5019,140,0,0
1,0,826.8622,644.2428,5535,148,1,0
2,6,833.0119,1056.8256,5064,97,2,2
4,5,585.7638,479.2524,7683,159,2,2
0,4,513.3103,1167.6414,5764,136,0,0
0,0,620.4,480.4138,4534,124,0,0
3,2,776.963,596.0286,5106,93,2,1
7,7,313.4328,222.3232,6218,141,1,0
0,1,1137.2681,1766.0216,4821,134,0,0
3,3,650.0285,1316.9266,5719,156,0,0
2,3,769.0498,739.7451,5975,137,1,1
3,6,561.7613,344.2178,4959,122,0,0
1,0,587.0203,582.7457,5273,154,0,0
2,7,770.7332,849.6412,5266,139,0,1
2,2,718.8119,679.1213,4729,109,0,2
2,9,652.8342,539.5916,4925,111,0,1
2,2,740.9252,459.8857,5299,138,0,0
4,3,820.2599,790.4782,4477,120,0,0
4,3,880.9516,940.9516,5136,145,0,0
3,8,766.735,1483.5357,5068,135,0,0
2,7,509.8874,1211.7355,5570,143,0,1
1,5,981.5009,1248.5178,4663,126,0,0
2,4,654.2222,486.9778,5501,153,0,0
1,0,724,1083.5556,5404,148,0,0
0,4,283.8016,295.0219,4917,142,0,0
4,3,668.007,1180.5356,5118,129,1,0
3,8,468.6713,394.8633,5203,141,0,0
1,1,791.5194,609.2308,5801,138,0,1
3,0,886.9765,876.4461,5482,141,1,0
3,11,810.2788,1868.6933,5656,138,1,2
1,9,720.1942,1196.0841,5136,132,1,0
1,4,949.3204,691.9741,4832,134,0,0
5,7,958.0818,2349.2072,6089,137,2,1
5,2,918.5678,2656.9821,5547,138,2,0
0,6,764.1527,963.1321,5087,127,0,1
1,4,654.1099,669.887,5280,137,0,0
6,5,664.0791,1143.6341,5717,135,1,0
0,0,1059.6786,1401.9778,4629,116,0,0
1,1,642.9108,436.6197,5833,132,1,0
2,9,939.1549,1000.939,6961,135,2,2
8,6,593.235,1234.4889,6526,140,3,2
0,2,784.5522,659.4942,4749,128,0,0
4,0,616.7851,1017.1574,5009,124,1,0
1,1,725.313,599.1878,5698,150,1,0
0,11,859.816,1283.2383,4675,121,0,0
4,5,808.2337,700.9016,5946,131,2,0
0,1,491.5282,699.3405,4757,130,0,0
1,3,299.9239,255.5612,6167,151,0,0
1,1,652.1178,1193.8569,4976,141,0,0
2,3,770.2384,764.6564,5335,157,0,0
0,1,524.2254,813.3099,5096,145,0,0
4,4,541.7254,500.3169,5608,159,0,0
2,1,555.3945,471.9901,5800,146,2,0
1,7,853.072,487.206,4599,118,0,0
0,0,655.4416,670.3704,4989,137,0,0
2,4,834.0171,1015.5556,6087,155,1,1
0,5,995.1518,1105.5028,5778,130,0,4
2,8,446.5844,435.8254,4863,131,0,0
3,2,1081.354,1095.7969,5185,140,0,0
2,9,659.1819,1281.8336,5359,152,0,1
0,4,824.2014,751.8056,4760,118,0,1
3,8,734.0278,854.8264,4790,121,0,1
2,10,430.6423,701.8975,5440,140,0,1
1,0,752.8108,670.1473,5210,131,1,0
3,6,511.1453,431.3892,5571,123,2,1
3,2,505.3871,402.0891,6746,137,3,0
1,5,933.8652,1003.0802,4768,129,0,0
2,3,778.413,599.0529,5006,141,0,0
1,3,517.1304,422.0961,5288,147,0,1
0,1,513.7243,296.8933,5335,144,0,1
3,12,619.0753,531.4927,5628,141,1,0
8,5,793.8705,530.0925,5424,140,1,0
2,4,596.8714,435.3857,4930,121,0,0
1,1,543.6429,448.2429,5190,127,0,1
1,3,1000,723.4762,4259,91,0,2
6,5,570.9048,332.6667,6595,137,0,3
4,5,894.0441,837.6471,6083,136,2,0
0,1,742.2059,485.1471,4069,96,0,0
2,6,672.6115,1435.4904,6546,137,1,2
0,2,421.4522,279.4395,4815,106,0,1
1,1,742.6274,1088.8675,5163,150,0,0
2,6,405.2548,1314.4621,6073,154,1,2
2,5,600.2455,477.5102,5183,141,0,0
0,5,624.3717,784.4535,5458,130,0,1
8,4,505.012,659.3133,5740,141,1,0
0,0,695.2048,922.8434,4457,118,0,0
1,2,709.7568,1426.8677,5477,144,0,1
1,9,398.2004,1393.7451,5725,150,0,0
1,1,382.1639,345.9344,5364,151,0,0
1,7,684.4918,671.8033,5026,137,0,0
2,4,1060.7059,1118.1176,6041,149,0,1
1,0,815.2941,1322.8908,4714,124,0,0
4,5,878.1735,790.5,5574,146,0,0
3,5,912.5204,1959.2755,5818,158,0,0
1,2,491.8723,427.5638,4829,124,0,0
4,4,740.0106,654,6129,127,3,0
2,2,678.3742,630.4908,5378,154,0,0
0,0,910.2761,762.1472,5021,134,0,0
7,7,825.4141,1107.2217,6067,117,2,0
1,5,644.6661,598.9047,5053,109,0,0
3,7,707.7977,1194.4535,6650,136,2,1
1,1,693.2137,544.9266,4092,98,0,0
3,8,785.6355,830.7477,5194,111,0,1
2,2,857.1869,812.4953,5294,120,1,0
5,14,942.4613,1248.2224,4776,127,0,0
6,16,605.196,641.5314,7350,140,4,1
1,6,737.7663,1277.1478,5353,131,0,0
1,0,738.5567,646.0481,5339,124,1,0
0,1,642.9831,635.7198,5218,141,0,0
2,5,673.7484,1352.2957,5550,145,0,2
5,8,512.4545,887.5227,5584,131,1,0
1,1,668.2841,523.0227,5062,141,0,0
2,5,643.1363,1027.0929,5163,132,0,0
1,3,587.2979,436.8275,5612,137,1,1
7,10,603.9892,577.1429,5585,140,1,0
0,4,813.9892,1190.4313,4991,126,0,0
1,5,843.9934,2182.0256,5680,130,0,0
1,7,1046.3167,922.1745,5298,142,0,0
5,7,428.5171,487.623,5814,145,1,0
0,7,977.5261,1608.1073,4890,139,0,0
3,7,881.5669,751.0241,4701,104,0,3
0,5,686.9614,1124.1522,4607,117,0,1
0,7,1162.6415,2638.0731,5217,134,0,1
1,1,1065.837,2059.0526,4751,126,0,0
0,0,848.3351,644.1103,4820,134,0,0
2,4,499.5109,345.1093,4968,144,0,0
5,12,908.1928,1468.8675,5401,141,1,0
2,7,795.3976,886.9398,5469,153,0,0
0,11,465.9278,1320.7719,5063,141,0,0
1,2,754.0821,909.2331,5103,144,0,0
0,3,690.4844,586.2563,5224,135,0,0
1,9,895.217,2316.3875,5373,141,1,0
0,9,404.1931,596.1086,4734,120,0,3
0,2,585.3695,1317.4057,5657,138,0,2
3,0,782.3431,706.3319,5174,137,1,0
1,5,635.1743,546.0251,4949,123,0,1
0,1,685.9639,582.2831,4357,106,0,0
2,7,722.3762,543.3896,5170,122,1,1
1,4,536.3596,398.1311,4926,108,0,1
1,11,814.5704,832.9584,5020,116,1,1
1,7,632.1085,442.1797,5281,120,1,2
2,10,819.1815,649.1637,4568,97,1,1
0,8,756.1408,1245.5367,4552,104,0,2
3,2,823.1085,547.3196,5630,132,0,2
2,13,893.5438,1287.8623,5225,143,0,0
3,4,1085.0789,2158.9957,6291,149,2,1
